Type,Photo,Last Name,First Name,District #,Party,Title/leadership,Sort Order,E-mail,Website,Term limit,Counties covered,Standing Committee,Appropriations Subcommittee,Office address,Office city,Office state,Office zip,Office Rm #,Office phone,Home address,Home city,Home state,Home zip,District Phone,LA name,Predecessor,Cooperative Name,Cooperative Logo Filename,Twitter,Facebook,LinkedIn,Miles of Line,Active Meters,Employees,Active Meters/Mile,Co-op Type,Co-op Region Name
OAEC Contact,HowethStacy.jpg,Howeth,Stacy,,,"Legislative Liaison, Legislative & Regulatory Affairs",3,showeth@oaec.coop,http://www.oaec.coop,,,,,2325 E. I-44 Service Rd.,Oklahoma City,OK,73111,,405-478-1455,,,,,,,,Oklahoma Association of Electric Cooperatives,,http://twitter.com/OAECoop,http://www.facebook.com/OklahomaAssociationOfElectricCooperatives?ref=ts&fref=ts,,,,,,,
OAEC Contact,MeyersChris.jpg,Meyers,Chris,,,General Manager/CEO,1,cmeyers@oaec.coop,http://www.oaec.coop,,,,,2325 E. I-44 Service Rd.,Oklahoma City,OK,73111,,405-478-1455,,,,,,,,Oklahoma Association of Electric Cooperatives,,http://twitter.com/OAECoop,http://www.facebook.com/OklahomaAssociationOfElectricCooperatives?ref=ts&fref=ts,,,,,,,
OAEC Contact,SparksKenny.jpg,Sparks,Kenny,,,"Director, Legislative & Regulatory Affairs",2,ksparks@oaec.coop,http://www.oaec.coop,,,,,2325 E. I-44 Service Rd.,Oklahoma City,OK,73111,,405-478-1455,,,,,,,,Oklahoma Association of Electric Cooperatives,,http://twitter.com/OAECoop,http://www.facebook.com/OklahomaAssociationOfElectricCooperatives?ref=ts&fref=ts,,,,,,,
OAEC Member System,KendallBeck.jpg,Beck,Kendall,,,Manager,9,,http://www.cooksonhills.com/,,OK: Adair~ Cherokee~ Haskell~ LeFlore~ Muskogee~ Pittsburg~ Sequoyah,,,1002 E. Main,Stigler,OK,74462,,800-328-2368,,,,,,,,"Cookson Hills Electric Cooperative, Inc.",,,,,2880,17625,51,6,Distribution,"Cookson Hills Electric Cooperative, Inc."
OAEC Member System,ChrisCariker.jpg,Cariker,Chris,,,Executive VP/CEO,14,,http://www.kamopower.com/,,,,,500 S. KAMO Dr.,Vinita,OK,74301,,918-256-5551,,,,,,,,KAMO Power,,,,http://www.linkedin.com/company/kamo-power,2401,,138,,Generation/Transmission,
OAEC Member System,JackClinkscale.jpg,Clinkscale,Jack,,,Manager,13,,http://www.iecok.com/,,OK: Creek~ Kay~ Noble~ Osage~ Pawnee~ Payne~ Tulsa,,,U.S. Hwy 64 S.,Cleveland,OK,74020,,918-295-9500,,,,,,,,"Indian Electric Cooperative, Inc.",,,,,3519,19947,91,6,Distribution,"Indian Electric Cooperative, Inc."
OAEC Member System,ScottCopeland.jpg,Copeland,Scott,,,Manager,20,,http://www.nfecoop.com/,,OK: Beckham~ Custer~ Dewey~ Greer~ Harmon~ Roger Mills~ Washita,,,301 E. Main,Sayre,OK,73662,,580-928-3366,,,,,,,,"Northfork Electric Cooperative, Inc.",,,https://www.facebook.com/pages/Northfork-Electric-Cooperative-Inc/125649210807367?fref=ts,,2488,6543,32,3,Distribution,"Northfork Electric Cooperative, Inc."
OAEC Member System,AnthonyDue.jpg,Due,Anthony,,,Manager,19,,http://www.neelectric.com/,,OK: Craig~ Delaware~ Mayes~ Nowata~ Ottawa~ Rogers,,,27039 S. 4440 Rd.,Vinita,OK,74301,,918-256-6405,,,,,,,,"Northeast OK Electric Cooperative, Inc.",,,https://www.facebook.com/neokrec,,5271,40186,177,8,Distribution,Northeast Oklahoma Electric Co-op
OAEC Member System,RandyEthridge.jpg,Ethridge,Randy,,,Executive VP/CEO,25,,www.peopleselectric.coop,,OK: Atoka~ Carter~ Coal~ Garvin~ Hughes~ Johnston~ McClain~ Murray~ Pittsburg~ Pontotoc~ Seminole,,,1600 N. Country Club,Ada,OK,74820,,580-332-3031,,,,,,,,People's Electric Cooperative,,,https://www.facebook.com/PeoplesElectricCooperative?fref=ts,,4767,20565,62,4,Transmission/Distribution,People's Electric Cooperative
OAEC Member System,MarkFuller.jpg,Fuller,Mark,,,District Manager - Pocola,3,,http://www.avecc.com/,,OK: Adair~ LeFlore~ Sequoyah~ AR: Crawford~ Franklin~ Johnson~ Logan~ Madison~ Newton~ Pope~ Scott~ Sebastian~ Yell,,,1302 S. Pocola Blvd.,Pocola,OK,74902,,800-468-2419,,,,,,,,"Arkansas Valley Electric Cooperative, Corp.",,,https://www.facebook.com/MyEnergyAVECC,,8148,70161,134,9,Distribution,Arkansas Valley Electric Cooperative Corp.
OAEC Member System,MikeHagy.jpg,Hagy,Mike,,,CEO/Manager,29,,http://www.swre.com/,,OK: Comanche~ Greer~ Kiowa~ Jackson~ Tillman~ TX: Archer~ Baylor~ Foard~ Hardeman~ Wichita~ Wilbarger,,,700 N. Broadway,Tipton,OK,73570,,580-667-5281,,,,,,,,"Southwest Rural Electric Association, Inc.",,,,,2999,7765,29,3,Distribution,"Southwest Rural Electric Association, Inc."
OAEC Member System,GeorgeHand.jpg,Hand,George,,,Manager,5,,http://www.canadianvalley.org/,,OK: Creek~ Hughes~ Lincoln~ McIntosh~ Okfuskee~ Oklahoma~ Pottawatomie~ Seminole,,,11277 S.356,Seminole,OK,74868,,405-382-3680,,,,,,,,"Canadian Valley Electric Cooperative, Inc.",,,,,5175,23666,56,5,Distribution,Canadian Valley Electric Cooperative. Inc.
OAEC Member System,TimRodriguez.jpg,Rodriguez,Tim,,,Manager,15,,http://www.kayelectric.coop/,,OK: Garfield~ Grant~ Kay~ Noble~ Osage,,,300 W. Doolin,Blackwell,OK,74631,,580-363-1260,,,,,,,,"Kay Electric Cooperative, Inc.",,https://twitter.com/kayelectriccoop,http://www.facebook.com/pages/Kay-Electric-Cooperative/277322722408,,2096,5643,40,3,Distribution,Kay Electric Cooperative
OAEC Member System,BrentHartin.jpg,Hartin,Brent,,,CEO,26,,http://www.rrvrea.com/,,OK: Carter~ Jefferson~ Johnston~ Love~ Marshall,,,1003 Memorial Dr.,Marietta,OK,73448,,580-276-3364,,,,,,,,"Red River Valley Rural Electric Association, Inc.",,,https://www.facebook.com/pages/Red-River-Valley-REA/146536385393684?fref=ts,,2661,14877,43,6,Distribution,Red River Valley REA
OAEC Member System,AliceHouston.jpg,Houston,Alice,,,Manager,31,,http://www.vvec.com/,,OK: Nowata~ Osage~ Rogers~ Tulsa~ Washington,,,8901 E. 146th St. N.,Collinsville,OK,74021,,918-371-2584,,,,,,,,"Verdigris Valley Electric Cooperative, Inc.",,,,,4684,34856,90,7,Distribution,Verdigris Valley Electric Cooperative
OAEC Member System,JimJackson.jpg,Jackson,Jim,,,Executive VP/CEO,16,,http://www.kiamichielectric.org/,,OK: Atoka~ Latimer~ LeFlore~ Pittsburg~ Pushmataha,,,966 S. Hwy 2,Wilburton,OK,74578,,918-465-2338,,,,,,,,"Kiamichi Electric Cooperative, Inc.",,,https://www.facebook.com/pages/Kiamichi-Electric-Cooperative/150931158276424?fref=ts,,4067,21099,47,5,Distribution,"Kiamichi Electric Cooperative, Inc."
OAEC Member System,MitchellJohnson.jpg,Johnson,Mitchell,,,President/CEO,23,,http://www.ozarksecc.com/,,OK: Adair~ Cherokee~ Delaware~ Sequoyah~ AR: Benton~ Crawford~ Franklin~ Madison~ Washington,,,Hwy 51 W.,Stilwell,OK,74960,,918-696-7733,,,,,,,,"Ozarks Electric Cooperative, Corp.",,,https://www.facebook.com/OzarksElectric?fref=ts,,6755,67606,183,10,Distribution,Ozarks Electric Co-op Corp.
OAEC Member System,DennisKrueger.jpg,Krueger,Dennis,,,Manager,17,,http://www.kiwash.coop/,,OK: Blaine~ Custer~ Dewey~ Kiowa~ Roger Mills~ Washita,,,120 W. 1st St.,Cordell,OK,73632,,580-832-3361,,,,,,,,"Kiwash Electric Cooperative, Inc.",,https://twitter.com/kiwashelectric,http://www.facebook.com/pages/Kiwash-Electric-Cooperative/115398462130,,2968,6236,26,2,Distribution,"Kiwash Electric Cooperative, Inc."
OAEC Member System,WarrenLangford.jpg,Langford,Warren,,,CEO,10,,http://www.cottonelectric.com/,,OK: Caddo~ Carter~ Comanche~ Cotton~ Grady~ Jefferson~ Stephens~ Tillman,,,226 N. Broadway,Walters,OK,73572,,580-875-3351,,,,,,,,"Cotton Electric Cooperative, Inc.",,www.twitter.com/cottonelectric,www.facebook.com/cottonelectric,,5140,21722,95,4,Distribution,"Cotton Electric Cooperative, Inc."
OAEC Member System,TysonLittau.jpg,Littau,Tyson,,,Manager/CEO,21,,http://www.nwecok.coop/,,OK: Beaver~ Dewey~ Ellis~ Harper~ Major~ Woods~ Woodward,,,2925 Williams Ave.,Woodward,OK,73802,,580-256-7425,,,,,,,,"Northwestern Electric Cooperative, Inc.",,http://twitter.com/nwecok,https://www.facebook.com/pages/Northwestern-Electric-Cooperative/139718627432,,4906,11359,60,2,Distribution,"Northwestern Electric Cooperative, Inc."
OAEC Member System,MaxMeek.jpg,Meek,Max,,,CEO/Manager,22,,http://www.okcoop.org/,,OK: Caddo~ Canadian~ Cleveland~ Grady~ McClain~ Oklahoma~ Pottawatomie,,,242 24th Ave. NW,Norman,OK,73069,,405-321-2024,,,,,,,,"Oklahoma Electric Cooperative, Inc.",,https://twitter.com/okcoop,https://www.facebook.com/OklaElec?fref=ts,,5321,49418,118,9,Distribution,Oklahoma Electric Cooperative
OAEC Member System,DaleNye.jpg,Nye,Dale,,,CEO,27,,http://www.recok.coop/,,OK: Carter~ Comanche~ Garvin~ Grady~ McClain~ Stephens,,,N. of Lindsay on Hwy. 76,Lindsay,OK,73052,,405-756-3104,,,,,,,,"Rural Electric Cooperative, Inc.",,,http://www.facebook.com/pages/Rural-Electric-Cooperative-Inc/116401145072740,,2877,10813,49,4,Distribution,"Rural Electric Cooperative, Inc."
OAEC Member System,CharlesPaxton.jpg,Paxton,Charles,,,General Manager/CEO,12,,http://www.harmonelectric.com/,,OK: Beckham~ Greer~ Harmon~ Jackson~ Kiowa~ TX: Childress~ Hardeman,,,114 N. 1st St.,Hollis,OK,73550,,580-688-3342,,,,,,,,"Harmon Electric Association, Inc.",,,https://www.facebook.com/pages/Harmon-Electric-Association-Inc/154725664575443,,1900,3491,19,2,Distribution,"Harmon Electric Association, Inc."
OAEC Member System,JackPerkins.jpg,Perkins,Jack,,,CEO,30,,www.tcec.coop,,OK: Beaver~ Cimarron~ Texas KS: Clark~ Meade~ Stevens~ portions of Morton & Seward NM: Bada~ Colorado~ Union TX: Dallum~ Hansford~ Lipscomb~ Ochiltree~ Sherman,,,302 E. Glaydas,Hooker,OK,73945,,580-652-2418,,,,,,,,"Tri-County Electric Cooperative, Inc.",,https://twitter.com/TriCountyEC,https://www.facebook.com/tricountyelectric,http://www.linkedin.com/company/tri-county-electric-cooperative?trk=cp_followed_name_tri-county-electric-cooperativ,5422,17112,91,3,Transmission/Distribution,"Tri-County Elec. Co-op, Inc."
OAEC Member System,WilliamPeters.jpg,Peters,William,,,Chief Executive Officer,2,,http://www.avecc.com/,,OK: Adair~ LeFlore~ Sequoyah~ AR: Crawford~ Franklin~ Johnson~ Logan~ Madison~ Newton~ Pope~ Scott~ Sebastian~ Yell,,,1302 S. Pocola Blvd.,Pocola,OK,74902,,800-468-2419,,,,,,,,"Arkansas Valley Electric Cooperative, Corp.",,,https://www.facebook.com/MyEnergyAVECC,,8148,70161,134,9,Distribution,Arkansas Valley Electric Cooperative Corp.
OAEC Member System,GaryRoulet.jpg,Roulet,Gary,,,CEO,32,,http://www.wfec.com/,,,,,701 NE 7th St.,Anadarko,OK,73005,,405-247-3351,,,,,,,,Western Farmers Electric Cooperative,,,https://www.facebook.com/pages/Western-Farmers-Electric-Co-Op/168424053168790?fref=ts,,3600,,378,,Generation/Transmission,
OAEC Member System,TimSmith.jpg,Smith,Tim,,,Manager,11,,http://ecoec.com/,,OK: Creek~ McIntosh~ Muskogee~ Okfuskee~ Okmulgee~ Tulsa~ Wagoner,,,Hwy. 75 S.,Okmulgee,OK,74447,,918-756-0833,,,,,,,,"East Central Oklahoma Electric Cooperative, Inc.",,,,,6118,32562,78,5,Distribution,"East Central Oklahoma Electric Cooperative, Inc."
OAEC Member System,MarkSnowden.jpg,Snowden,Mark,,,Manager,8,,http://www.cimarronelectric.com/,,OK: Blaine~ Canadian~ Custer~ Dewey~ Garfield~ Kingfisher~ Logan~ Major~ Oklahoma,,,2 miles N. Hwy 81,Kingfisher,OK,73750,,405-375-4121,,,,,,,,"Cimarron Electric Cooperative, Inc.",,https://twitter.com/CimarronElec,https://www.facebook.com/cimarronelectric.cooperative,,4438,14623,50,3,Distribution,Cimarron Electric Cooperative
OAEC Member System,LarrySpeaks.jpg,Speaks,Larry,,,Manager,28,,http://www.se-coop.com/,,OK: Atoka~ Bryan~ Choctaw~ Coal~ Johnston,,,1514 E. Hwy. 70,Durant,OK,74702,,580-924-2170,,,,,,,,"Southeastern Electric Cooperative, Inc.",,,,,2689,13857,32,5,Distribution,"Southeastern Electric Cooperative, Inc."
OAEC Member System,DavidSwank.jpg,Swank,David,,,CEO,6,,http://www.crec.coop/,,OK: Garfield~ Lincoln~ Logan~ Noble~ Oklahoma~ Pawnee~ Payne,,,3304 Boomer Rd.,Stillwater,OK,74076,,405-372-2884,,,,,,,,Central Rural Electric Cooperative,,https://twitter.com/centralrural,https://www.facebook.com/centralrural,,4185,19466,77,5,Distribution,Central REC
OAEC Member System,ClintPack.jpg,Pack,Clint,,,Manager,4,,http://caddoelectric.com/v2/,,OK: Blaine~ Caddo~ Canadian~ Comanche~ Custer~ Grady~ Kiowa~ Washita,,,3 miles W. of Binger,Binger,OK,73009,,405-656-2322,,,,,,,,"Caddo Electric Cooperative, Inc.",,,http://www.facebook.com/#!/pages/Caddo-Electric-Cooperative/448751885157658?fref=ts,,4613,18094,76,4,Distribution,Caddo Electric Cooperative
OAEC Member System,HamidVahdatipour.jpg,Vahdatipour,Hamid,,,CEO,18,,http://www.lrecok.coop/,,OK: Adair~ Cherokee~ Delaware~ Mayes~ Muskogee~ Rogers~ Wagoner,,,516 S. Lake Region Rd.,Hulbert,OK,74441,,918-772-2526,,,,,,,,"Lake Region Electric Cooperative, Inc.",,,https://www.facebook.com/pages/Lake-Region-Electric-Cooperative/104838869583328?fref=ts,,3031,23912,67,8,Distribution,"Lake Region Electric Co-op, Inc."
OAEC Member System,ColinWhitley.jpg,Whitley,Colin,,,General Manager/CEO,1,,http://www.alfalfaelectric.coop/,,OK: Alfalfa~ Grant~ Garfield~ Major~ Woods~ KS: Barber~ Harper,,,121 E. Main,Cherokee,OK,73728,,580-596-3333,,,,,,,,"Alfalfa Electric Cooperative, Inc.",,,https://www.facebook.com/AlfalfaElectric,,3216,8124,42,3,Distribution,"Alfalfa Electric Cooperative, Inc."
OAEC Member System,KrisWilliams.jpg,Williams,Kris,,,District Manager - Oklahoma,24,,http://www.ozarksecc.com/,,OK: Adair~ Cherokee~ Delaware~ Sequoyah~ AR: Benton~ Crawford~ Franklin~ Madison~ Washington,,,Hwy 51 W.,Stilwell,OK,74960,,918-696-7733,,,,,,,,"Ozarks Electric Cooperative, Corp.",,,https://www.facebook.com/OzarksElectric?fref=ts,,6755,67606,183,10,Distribution,Ozarks Electric Co-op Corp.
OAEC Member System,,,,,,,7,,www.choctawelectric.coop,,OK: Atoka~ Bryan~ Choctaw~ LeFlore~ McCurtain~ Pushmataha,,,Hwy. 93 N.,Hugo,OK,74743,,580-326-6486,,,,,,,,"Choctaw Electric Cooperative, Inc.",,,https://www.facebook.com/pages/Choctaw-Electric-Cooperative/118898534804009,,3507,17989,85,5,Distribution,"Choctaw Electric Cooperative, Inc."
Oklahoma House,BanzGary.jpg,Banz,Gary,101,R,Majority Whip,6,garybanz@okhouse.gov ,,2016,Oklahoma,Elections & Ethics~ Rules~ Tourism & International Relations,General Government (Vice Chair),2300 N. Lincoln Blvd.,Oklahoma City,OK,73105,433,405-557-7395,,Midwest City,,,,Angie Robinson,,,,,,,,,,,,
Oklahoma House,BennettJohn.jpg,Bennett,John,2,R,,,john.bennett@okhouse.gov ,,2022,Sequoyah,Appropriations & Budget~ Government Oversight & Accountability~ Transportation,Public Safety (Chair),2300 N. Lincoln Blvd.,Oklahoma City,OK,73105,300A,405-557-7315,,Sallisaw,,,,Martha Perry,,,,,,,,,,,,
Oklahoma House,BiggsScott.jpg,Biggs,Scott,51,R,,,scott.biggs@okhouse.gov ,,2024,Grady~ McClain~ Stephens,Ag & Rural Development (Vice Chair)~ Criminal Justice & Corrections~ Public Safety,Natural Resources & Regulatory Services,2300 N. Lincoln Blvd.,Oklahoma City,OK,73105,242,405-557-7405,,Chickasha,,,,Denise Crosswhite Hader,,,,,,,,,,,,
Oklahoma House,BillyLisa.jpg,Billy,Lisa,42,R,Floor Leader,5,lisajbilly@okhouse.gov ,,2016,Garvin~ McClain,Appropriations & Budget~ Criminal Justice & Corrections,Public Safety (Vice Chair),2300 N. Lincoln Blvd.,Oklahoma City,OK,73105,440,405-557-7365,,Purcell,,,,Saprina Crosthwait,,,,,,,,,,,,
Oklahoma House,BrownMike.jpg,Brown,Mike,4,D,,,mikebrown@okhouse.gov ,,2016,Cherokee,Appropriations & Budget~ Energy & Natural Resources~ Wildlife,,2300 N. Lincoln Blvd.,Oklahoma City,OK,73105,545,405-557-7408,,Tahlequah,,,,Connie Riley,,,,,,,,,,,,
Oklahoma House,BrumbaughDavid.jpg,Brumbaugh,David,76,R,Republican Caucus Chair,7,david.brumbaugh@okhouse.gov ,,2022,Tulsa,Energy & Natural Resources~ Transportation~ Utilities (Vice Chair),General Government,2300 N. Lincoln Blvd.,Oklahoma City,OK,73105,400B,405-557-7347,,Broken Arrow,,,,Chris Biggs,,,,,,,,,,,,
Oklahoma House,CaldwellChad.jpg,Caldwell,Chad,40,R,,,chad.caldwell@okhouse.gov,,2026,Garfield,Common Education~ Rules~ Utilities,Health (Vice Chair),2300 N. Lincoln Blvd.,Oklahoma City,OK,73105,329A,405-557-7317,,Enid,,,,Suzanne Earnest,,,,,,,,,,,,
Oklahoma House,CalveyKevin.jpg,Calvey,Kevin,82,R,,,kevin.calvey@okhouse.gov,,2018,Oklahoma,Energy & Natural Resources~ Environmental Law (Chair)~ Judiciary & Civil Procedure,Judiciary,2300 N. Lincoln Blvd.,Oklahoma City,OK,73105,301A,405-557-7357,,Oklahoma City,,,,Chelsey Jones,,,,,,,,,,,,
Oklahoma House,CannadayEd.jpg,Cannaday,Ed,15,D,,,ed.cannaday@okhouse.gov ,,2018,Haskell~ LeFlore~ McIntosh~ Muskogee~ Pittsburg~ Sequoyah,Administrative Rules~ Common Education~ Utilities,Education,2300 N. Lincoln Blvd.,Oklahoma City,OK,73105,546,405-557-7375,,Porum,,,,Connie Riley,,,,,,,,,,,,
Oklahoma House,CaseyDennis.jpg,Casey,Dennis,35,R,,,dennis.casey@okhouse.gov ,,2022,Creek~ Noble~ Osage~ Pawnee~ Payne,Ag & Rural Development~ Appropriations & Budget (Vice Chair)~ Common Education~ Higher Ed & Career Tech,,2300 N. Lincoln Blvd.,Oklahoma City,OK,73105,337,405-557-7344,,Morrison,,,,Robin Andrew/Debbie Blair,,,,,,,,,,,,
Oklahoma House,ChristianMike.jpg,Christian,Mike,93,R,,,mike.christian@okhouse.gov ,,2020,Oklahoma,County & Municipal Government~ Public Safety (Chair)~ Utilities,Public Safety,2300 N. Lincoln Blvd.,Oklahoma City,OK,73105,303,405-557-7371,,Oklahoma City,,,,Marilyn Watkins,,,,,,,,,,,,
Oklahoma House,ClevelandBobby.jpg,Cleveland,Bob,20,R,,,bob.cleveland@okhouse.gov ,,2024,Cleveland~ Garvin~ McClain~ Pottawatomie,Criminal Justice & Corrections~ Long-term Care & Senior Services~ Public Safety (Vice Chair),Public Safety,2300 N. Lincoln Blvd.,Oklahoma City,OK,73105,240,405-557-7308,,Slaughterville,,,,Madeline Baldwin,,,,,,,,,,,,
Oklahoma House,CockroftJosh.jpg,Cockroft,Josh,27,R,,,josh.cockroft@okhouse.gov ,,2022,Cleveland~ Pottawatomie,County & Municipal Government~ State Government Operations~ Tourism & International Relations (Chair),Natural Resources & Regulatory Services,2300 N. Lincoln Blvd.,Oklahoma City,OK,73105,303A,405-557-7349,,Tecumseh,,,,Patti Muzny,,,,,,,,,,,,
Oklahoma House,ConditDonnie.jpg,Condit,Donnie,18,D,,,donnie.condit@okhouse.gov ,,2022,Coal~ Hughes~ McIntosh~ Pittsburg,Common Education~ Elections & Ethics (Vice Chair)~ Rules,Public Safety,2300 N. Lincoln Blvd.,Oklahoma City,OK,73105,502,405-557-7376,,McAlester,,,,Debra Smith,,,,,,,,,,,,
Oklahoma House,CoodyJeff.jpg,Coody,Jeff,63,R,,,jeff.coody@okhouse.gov,,2026,Comanche~ Tillman,Ag & Rural Development~ Environmental Law~ Insurance (Vice Chair),Health,2300 N. Lincoln Blvd.,Oklahoma City,OK,73105,439,405-557-7398,,Grandfield,,,,Cindy Stevens,,,,,,,,,,,,
Oklahoma House,CoodyAnn.jpg,Coody,Ann,64,R,,,anncoody@okhouse.gov ,,2016,Comanche,Appropriations & Budget~ Common Education (Chair)~ Veterans & Military Affairs,Education,2300 N. Lincoln Blvd.,Oklahoma City,OK,73105,338,405-557-7307,,Lawton,,,,Marilyn Watkins,,,,,,,,,,,,
Oklahoma House,CookseyMarian.jpg,Cooksey,Marian,39,R,,,mariancooksey@okhouse.gov ,,2016,Oklahoma,"Criminal Justice & Corrections~ Economic Development, Commerce & Real Estate (Vice Chair)~ Energy & Natural Resources",Natural Resources & Regulatory Services,2300 N. Lincoln Blvd.,Oklahoma City,OK,73105,409,405-557-7342,,Edmond,,,,Patti Muzny,,,,,,,,,,,,
Oklahoma House,CoxDoug.jpg,Cox,Doug,5,R,,,dougcox@okhouse.gov ,,2016,Delaware~ Mayes,"Alcohol, Tobacco & Controlled Substances~ Appropriations & Budget~ Public Health",Health (Chair),2300 N. Lincoln Blvd.,Oklahoma City,OK,73105,331,405-557-7415,,Grove,,,,Jane Mitchell,,,,,,,,,,,,
Oklahoma House,DankDavid.jpg,Dank,David,85,R,,,david.dank@okhouse.gov ,,2018,Oklahoma,Appropriations & Budget~ Elections & Ethics~ Long-term Care & Senior Services,Revenue & Taxation (Chair),2300 N. Lincoln Blvd.,Oklahoma City,OK,73105,435,405-557-7392,,Oklahoma City,,,,Charlotte Maughan,,,,,,,,,,,,
Oklahoma House,DenneyLee.jpg,Denney,Lee,33,R,Speaker Pro Tempore,2,leedenney@okhouse.gov ,,2016,Logan~ Payne,,,2300 N. Lincoln Blvd.,Oklahoma City,OK,73105,441,405-557-7304,,Cushing,,,,Suzanne Earnest,,,,,,,,,,,,
Oklahoma House,DerbyDavid.jpg,Derby,David,74,R,,,david.derby@okhouse.gov ,,2018,Rogers~ Tulsa,"Alcohol, Tobacco & Controlled Substances (Chair)~ Public Health~ Public Safety",Human Services,2300 N. Lincoln Blvd.,Oklahoma City,OK,73105,408,405-557-7377,,Owasso,,,,Jennifer Cooper,,,,,,,,,,,,
Oklahoma House,DunlapTravis.jpg,Dunlap,Travis,10,R,,,travis.dunlap@okhouse.gov,,2026,Nowata~ Osage~ Washington,"Economic Development, Commerce & Real Estate~ Environmental Law (Vice Chair)~ Tourism & International Relations",Human Services,2300 N. Lincoln Blvd.,Oklahoma City,OK,73105,250A,405-557-7402,,Bartlesville,,,,Debby Morales,,,,,,,,,,,,
Oklahoma House,DunningtonJason.jpg,Dunnington,Jason,88,D,,,jason.dunnington@okhouse.gov,,2026,Oklahoma,Environmental Law~ State Government Operations,Education~ Public Safety,2300 N. Lincoln Blvd.,Oklahoma City,OK,73105,500A,405-557-7396,,Oklahoma City,,,,Jacquelyn Walsh,,,,,,,,,,,,
Oklahoma House,EcholsJon.jpg,Echols,Jon,90,R,,,jon.echols@okhouse.gov ,,2024,Cleveland~ Oklahoma,Energy & Natural Resources~ Judiciary & Civil Procedure (Vice Chair)~ Public Health,Judiciary,2300 N. Lincoln Blvd.,Oklahoma City,OK,73105,248,405-557-7354,,Oklahoma City,,,,Angie Robinson,,,,,,,,,,,,
Oklahoma House,EnnsJohn.jpg,Enns,John,41,R,,,john.enns@okhouse.gov ,,2018,Canadian~ Garfield~ Kingfisher~ Oklahoma,"Ag & Rural Development (Chair)~ Alcohol, Tobacco & Controlled Substances~ Veterans & Military Affairs",Natural Resources & Regulatory Services,2300 N. Lincoln Blvd.,Oklahoma City,OK,73105,434,405-557-7321,,Waukomis,,,,Natalie Villalobos,,,,,,,,,,,,
Oklahoma House,FaughtGeorge.jpg,Faught,George,14,R,,,george.faught@okhouse.gov,,2020,Cherokee~ Muskogee,Administrative Rules (Chair)~ Transportation~ Veterans & Military Affairs,General Government,2300 N. Lincoln Blvd.,Oklahoma City,OK,73105,301B,405-557-7310,,Muskogee,,,,Shannon McGowan,,,,,,,,,,,,
Oklahoma House,FisherDan.jpg,Fisher,Dan,60,R,,,dan.fisher@okhouse.gov ,,2024,Caddo~ Canadian,Administrative Rules~ Common Education~ State & Federal Relations (Vice Chair),General Government,2300 N. Lincoln Blvd.,Oklahoma City,OK,73105,202,405-557-7311,,El Reno,,,,Charlotte Maughan,,,,,,,,,,,,
Oklahoma House,FourkillerWilliam.jpg,Fourkiller,Will,86,D,,,will.fourkiller@okhouse.gov ,,2022,Adair~ Cherokee~ Delaware,"Alcohol, Tobacco & Controlled Substances (Vice Chair)~ Business, Labor & Retirement Laws~ Public Health",Health,2300 N. Lincoln Blvd.,Oklahoma City,OK,73105,542,405-557-7394,,Stilwell,,,,Amy Hicks,,,,,,,,,,,,
Oklahoma House,GrauRandy.jpg,Grau,Randy,81,R,,,randy.grau@okhouse.gov ,,2022,Oklahoma,"Alcohol, Tobacco & Controlled Substances~ Criminal Justice & Corrections~ Judiciary & Civic Procedure (Chair)",Judiciary,2300 N. Lincoln Blvd.,Oklahoma City,OK,73105,330,405-557-7360,,Edmond,,,,Natalie Villalobos,,,,,,,,,,,,
Oklahoma House,GriffithClaudia.jpg,Griffith,Claudia,45,D,,,claudia.griffith@okhouse.gov,,2026,Cleveland,"Alcohol, Tobacco & Controlled Substances~ Public Health",Health,2300 N. Lincoln Blvd.,Oklahoma City,OK,73105,539,405-557-7386,,Norman,,,,Tanisha Woods,,,,,,,,,,,,
Oklahoma House,HallElise.jpg,Hall,Elise,100,R,Majority Caucus Vice Chair,8,elise.hall@okhouse.gov ,,2022,Oklahoma,"Economic Development, Commerce & Real Estate~ Government Oversight & Accountability~ Public Health (Vice Chair)",Revenue & Taxation,2300 N. Lincoln Blvd.,Oklahoma City,OK,73105,200A,405-557-7403,,Oklahoma City,,,,Sarah Spencer,,,,,,,,,,,,
Oklahoma House,HardinTommy.jpg,Hardin,Tommy,49,R,,,tommy.hardin@okhouse.gov ,,2022,Carter~ Love~ Marshall,Energy & Natural Resources~ Rules (Chair)~ Wildlife,Public Safety,2300 N. Lincoln Blvd.,Oklahoma City,OK,73105,336,405-557-7383,,Madill,,,,Jamie Hudson,,,,,,,,,,,,
Oklahoma House,HenkeKatie.jpg,Henke,Katie,71,R,Majority Caucus Secretary,9,katie.henke@okhouse.gov ,,2024,Tulsa,Common Education~ Higher Ed & Career Tech~ Transportation,Education (Vice Chair),2300 N. Lincoln Blvd.,Oklahoma City,OK,73105,244B,405-557-7361,,Tulsa,,,,Vickie Thomas,,,,,,,,,,,,
Oklahoma House,HickmanJeff.jpg,Hickman,Jeffrey W.,58,R,Speaker of the House,1,jwhickman@okhouse.gov ,,2016,Alfalfa~ Major~ Woods~ Woodward,,,2300 N. Lincoln Blvd.,Oklahoma City,OK,73105,401,405-557-7339,,Dacoma,,,,Leia Laird,,,,,,,,,,,,
Oklahoma House,HoskinChuck.jpg,Hoskin,Chuck,6,D,Minority Whip,13,chuck.hoskin@okhouse.gov ,,2018,Craig~ Mayes~ Rogers,Appropriations & Budget~ Veterans & Military Affairs,General Government,2300 N. Lincoln Blvd.,Oklahoma City,OK,73105,509,405-557-7319,,Vinita,,,,Pam King,,,,,,,,,,,,
Oklahoma House,InmanScott.jpg,Inman,Scott,94,D,Minority Leader,10,scott.inman@okhouse.gov ,,2018,Oklahoma,Appropriations & Budget~ Energy & Natural Resources,Judiciary,2300 N. Lincoln Blvd.,Oklahoma City,OK,73105,548,405-557-7370,,Del City,,,,Jacquelyn Walsh,,,,,,,,,,,,
Oklahoma House,JohnsonDennis.jpg,Johnson,Dennis,50,R,,,dennis.johnson@okhouse.gov ,,2018,Jefferson~ Stephens,Appropriations & Budget~ Energy & Natural Resources~ Public Safety,General Government (Chair),2300 N. Lincoln Blvd.,Oklahoma City,OK,73105,407,405-557-7327,,Duncan,,,,Audra Brice,,,,,,,,,,,,
Oklahoma House,JordanJohnPaul.jpg,Jordan,John Paul,43,R,,,jp.jordan@okhouse.gov,,2026,Canadian,"Children, Youth & Family Services~ Common Education~ Government Oversight & Accountability (Vice Chair)",Human Services,2300 N. Lincoln Blvd.,Oklahoma City,OK,73105,328B,405-557-7352,,Yukon,,,,Kari Wilson,,,,,,,,,,,,
Oklahoma House,JoynerCharlie.jpg,Joyner,Charlie,95,R,,,charlie.joyner@okhouse.gov ,,2018,Oklahoma,"Business, Labor & Retirement Laws~ Elections & Ethics~ Transportation (Chair)",Transportation,2300 N. Lincoln Blvd.,Oklahoma City,OK,73105,436,405-557-7314,,Midwest City,,,,Madeline Baldwin,,,,,,,,,,,,
Oklahoma House,KannadyChris.jpg,Kannady,Chris,91,R,,,chris.kannady@okhouse.gov,,2026,Cleveland,Higher Ed & Career Tech~ Judiciary & Civil Procedure~ Rules,Judiciary (Vice Chair),2300 N. Lincoln Blvd.,Oklahoma City,OK,73105,246A,405-557-7337,,Oklahoma City,,,,Debbie Blair,,,,,,,,,,,,
Oklahoma House,KernSally.jpg,Kern,Sally,84,R,,,sallykern@okhouse.gov ,,2016,Oklahoma,"Children, Youth & Family Services (Chair)~ Common Education~ State & Federal Relations",Education,2300 N. Lincoln Blvd.,Oklahoma City,OK,73105,304,405-557-7348,,Oklahoma City,,,,Missy Liston,,,,,,,,,,,,
Oklahoma House,KirbyDan.jpg,Kirby,Dan,75,R,,,dan.kirby@okhouse.gov ,,2020,Tulsa,"County & Municipal Government~ Economic Development, Commerce & Real Estate (Chair)~ Insurance",Public Safety,2300 N. Lincoln Blvd.,Oklahoma City,OK,73105,302A,405-557-7356,,Tulsa,,,,Hollie Bishop,,,,,,,,,,,,
Oklahoma House,KouplenSteve.jpg,Kouplen,Steve,24,D,Minority Caucus Vice Chair,15,steve.kouplen@okhouse.gov ,,2020,Hughes~ Okfuskee~ Okmulgee,Ag & Rural Development~ Energy & Natural Resources~ Insurance,Natural Resources & Regulatory Services,2300 N. Lincoln Blvd.,Oklahoma City,OK,73105,541,405-557-7306,,Beggs,,,,Amy Hicks,,,,,,,,,,,,
Oklahoma House,LeewrightJames.jpg,Leewright,James,29,R,,,james.leewright@okhouse.gov,,2026,Creek~ Tulsa,Banking & Financial Services (Vice Chair)~ Government Oversight & Accountability~ Higher Ed & Career Tech,Transportation,2300 N. Lincoln Blvd.,Oklahoma City,OK,73105,204B,405-557-7353,,Bristow,,,,Natasha Holliday,,,,,,,,,,,,
Oklahoma House,LepakMark.jpg,Lepak,Mark,9,R,,,mark.lepak@okhouse.gov,,2026,Rogers,State & Federal Relations~ State Government Operations (Vice Chair)~ Tourism & International Relations,Natural Resources & Regulatory Services,2300 N. Lincoln Blvd.,Oklahoma City,OK,73105,328A,405-557-7380,,Claremore,,,,Robin Andrew/Debbie Blair,,,,,,,,,,,,
Oklahoma House,LockhartJames.jpg,Lockhart,James,3,D,,,james.lockhart@okhouse.gov ,,2022,LeFlore,Transportation~ Utilities~ Wildlife,Transportation,2300 N. Lincoln Blvd.,Oklahoma City,OK,73105,505,405-557-7413,,Heavener,,,,Jacque Walsh,,,,,,,,,,,,
Oklahoma House,LoringBen.jpg,Loring,Ben,7,D,,,ben.loring@okhouse.gov,,2026,Delaware~ Ottawa,Public Safety~ Tourism & International Relations,Judiciary~ Public Safety,2300 N. Lincoln Blvd.,Oklahoma City,OK,73105,539B,405-557-7399,,Miami,,,,Jane Iverson-Ross,,,,,,,,,,,,
Oklahoma House,MartinScott.jpg,Martin,Scott,46,R,,,scott.martin@okhouse.gov ,,2018,Cleveland,Appropriations & Budget~ Banking & Financial Services~ State Government Operations,Education (Chair),2300 N. Lincoln Blvd.,Oklahoma City,OK,73105,441,405-557-7329,,Norman,,,,Vickie Thomas,,,,,,,,,,,,
Oklahoma House,MatthewsKevin.jpg,Matthews,Kevin,73,D,,,kevin.matthews@okhouse.gov ,,2024,Osage~ Tulsa,"County & Municipal Government~ Economic Development, Commerce & Real Estate~ Public Safety",Transportation,2300 N. Lincoln Blvd.,Oklahoma City,OK,73105,510,405-557-7406,,Tulsa,,,,Gracie Monson,,,,,,,,,,,,
Oklahoma House,McBrideMark.jpg,McBride,Mark,53,R,,,mark.mcbride@okhouse.gov ,,2024,Cleveland,"Business, Labor & Retirement Laws~ Energy & Natural Resources (Vice Chair)~ Utilities",Public Safety,2300 N. Lincoln Blvd.,Oklahoma City,OK,73105,248,405-557-7346,,Moore,,,,Angie Robinson,,,,,,,,,,,,
Oklahoma House,McCallCharles.jpg,McCall,Charles,22,R,,,charles.mccall@okhouse.gov ,,2024,Atoka~ Garvin~ Johnston~ Murray,"Appropriations & Budget~ Banking & Financial Services~ Economic Development, Commerce & Real Estate",Revenue & Taxation (Vice Chair),2300 N. Lincoln Blvd.,Oklahoma City,OK,73105,244,405-557-7412,,Atoka,,,,Linda James,,,,,,,,,,,,
Oklahoma House,McCulloughMark.jpg,McCullough,Mark,30,R,,,mark.mccullough@okhouse.gov ,,2018,Creek~ Tulsa,Appropriations & Budget~ Criminal Justice & Corrections~ Judiciary & Civil Procedure,Judiciary (Chair),2300 N. Lincoln Blvd.,Oklahoma City,OK,73105,435A,405-557-7414,,Sapulpa,,,,Chris Coulter,,,,,,,,,,,,
Oklahoma House,McDanielJeannie.jpg,McDaniel,Jeannie,78,D,,,jeanniemcdaniel@okhouse.gov ,,2016,Tulsa,Appropriations & Budget~ Common Education~ Long-term Care & Senior Services (Vice Chair)~ Public Health,,2300 N. Lincoln Blvd.,Oklahoma City,OK,73105,508,405-557-7334,,Tulsa,,,,Kandi Hoehner,,,,,,,,,,,,
Oklahoma House,McDanielRandy.jpg,McDaniel,Randy,83,R,,,randy.mcdaniel@okhouse.gov ,,2018,Oklahoma,"Appropriations & Budget~ Business, Labor & Retirement Laws (Chair)~ Economic Development, Commerce & Real Estate~ Insurance",,2300 N. Lincoln Blvd.,Oklahoma City,OK,73105,438,405-557-7409,,Edmond,,,,Chris Biggs,,,,,,,,,,,,
Oklahoma House,McPeakJerry.jpg,McPeak,Jerry,13,D,Minority Caucus Chair,14,jerrymcpeak@okhouse.gov ,,2016,McIntosh~ Muskogee,Appropriations & Budget~ Energy & Natural Resources~ Transportation,,2300 N. Lincoln Blvd.,Oklahoma City,OK,73105,503,405-557-7302,,Warner,,,,Janice Stotts,,,,,,,,,,,,
Oklahoma House,MontgomeryJohnMIchael.jpg,Montgomery,John Michael,62,R,,,john.montgomery@okhouse.gov,,2026,Comanche,Administrative Rules (Vice Chair)~ Environmental Law~ Tourism & International Relations,Health,2300 N. Lincoln Blvd.,Oklahoma City,OK,73105,329B,405-557-7374,,Lawton,,,,Martha Perry,,,,,,,,,,,,
Oklahoma House,MooreLewis.jpg,Moore,Lewis,96,R,,,lewis.moore@okhouse.gov ,,2020,Oklahoma,Environmental Law~ Insurance~ State & Federal Relations (Chair),Health,2300 N. Lincoln Blvd.,Oklahoma City,OK,73105,329,405-557-7400,,Arcadia,,,,Denise Crosswhite Hader,,,,,,,,,,,,
Oklahoma House,MorrissetteRichard.jpg,Morrissette,Richard,92,D,,,richardmorrissette@okhouse.gov ,,2016,Oklahoma,"Appropriations & Budget~ Economic Development, Commerce & Real Estate~ Judiciary & Civil Procedure~ State Government Operations",,2300 N. Lincoln Blvd.,Oklahoma City,OK,73105,543,405-557-7404,,Oklahoma City,,,,Jackie Brink Rosen,,,,,,,,,,,,
Oklahoma House,MulreadyGlen.jpg,Mulready,Glen,68,R,,,glen.mulready@okhouse.gov ,,2022,Creek~ Tulsa,Administrative Rules~ Insurance (Chair)~ Public Health,Health,2300 N. Lincoln Blvd.,Oklahoma City,OK,73105,200,405-557-7340,,Tulsa,,,,Hollie Bishop,,,,,,,,,,,,
Oklahoma House,MurdockCasey.jpg,Murdock,Casey,61,R,,,casey.murdock@okhouse.gov,,2026,Beaver~ Cimarron~ Ellis~ Harper~ Texas~ Woodward,Transportation (Vice Chair)~ Utilities~ Wildlife,Transportation,2300 N. Lincoln Blvd.,Oklahoma City,OK,73105,301,405-557-7384,,Felt,,,,Chris Coulter,,,,,,,,,,,,
Oklahoma House,MurpheyJason.jpg,Murphey,Jason,31,R,,,jason.murphey@okhouse.gov ,,2018,Logan~ Oklahoma,County & Municipal Government~ State & Federal Relations~ State Government Operations (Chair),General Government,2300 N. Lincoln Blvd.,Oklahoma City,OK,73105,437,405-557-7350,,Guthrie,,,,Sarah Spencer,,,,,,,,,,,,
Oklahoma House,NelsonJason.jpg,Nelson,Jason,87,R,Floor Leader,4,jason.nelson@okhouse.gov ,,2020,Oklahoma,"Appropriations & Budget~ Children, Youth & Family Services~ Common Education~ Rules (Vice Chair)",,2300 N. Lincoln Blvd.,Oklahoma City,OK,73105,305A,405-557-7335,,Oklahoma City,,,,Megan Winburn,,,,,,,,,,,,
Oklahoma House,NewellTom.jpg,Newell,Tom,28,R,,,tom.newell@okhouse.gov ,,2022,Pottawatomie~ Seminole,"Business, Labor & Retirement Laws~ Children, Youth & Family Services~ Government Oversight & Accountability (Chair)",Revenue & Taxation,2300 N. Lincoln Blvd.,Oklahoma City,OK,73105,302,405-557-7372,,Seminole,,,,Debby Morales,,,,,,,,,,,,
Oklahoma House,NollanJadine.jpg,Nollan,Jadine,66,R,,,jadine.nollan@okhouse.gov ,,2022,Osage~ Tulsa,"Alcohol, Tobacco & Controlled Substances~ Common Education~ Long-term Care & Senior Services (Chair)",Education,2300 N. Lincoln Blvd.,Oklahoma City,OK,73105,333,405-557-7390,,Sand Springs,,,,Chris Biggs,,,,,,,,,,,,
Oklahoma House,O'DonnellTerry.jpg,O'Donnell,Terry,23,R,,,terry.odonnell@okhouse.gov ,,2024,Rogers~ Tulsa~ Wagoner,Criminal Justice & Corrections (Vice Chair)~ Judiciary & Civil Procedure~ Transportation,Judiciary,2300 N. Lincoln Blvd.,Oklahoma City,OK,73105,242,405-557-7379,,Catoosa,,,,Dee Lemon,,,,,,,,,,,,
Oklahoma House,OrtegaCharles.jpg,Ortega,Charles,52,R,Majority Leader,3,charles.ortega@okhouse.gov ,,2020,Greer~ Harmon~ Jackson~ Kiowa,"Appropriations & Budget~ Business, Labor & Retirement Laws~ Energy & Natural Resources~ Tourism & International Relations",,2300 N. Lincoln Blvd.,Oklahoma City,OK,73105,442,405-557-7369,,Altus,,,,Jamie Hudson,,,,,,,,,,,,
Oklahoma House,OsbornLeslie.jpg,Osborn,Leslie,47,R,,,leslie.osborn@okhouse.gov ,,2020,Canadian~ Grady,Appropriations & Budget~ Banking & Financial Services~ Judiciary & Civil Procedure,Natural Resources & Regulatory Services (Chair),2300 N. Lincoln Blvd.,Oklahoma City,OK,73105,303B,405-557-7333,,Mustang,,,,Cheri Snipes,,,,,,,,,,,,
Oklahoma House,OwnbeyPat.jpg,Ownbey,Pat,48,R,,,pat.ownbey@okhouse.gov ,,2020,Carter~ Garvin~ Murray,"Appropriations & Budget~ Children, Youth & Family Services~ Public Safety",Human Services (Chair),2300 N. Lincoln Blvd.,Oklahoma City,OK,73105,334,405-557-7326,,Ardmore,,,,Debbie Blair,,,,,,,,,,,,
Oklahoma House,ParkScooter.jpg,Park,Scooter,65,R,,,scooter.park@okhouse.gov,,2026,Caddo~ Comanche~ Cotton~ Grady~ Stephens,Ag & Rural Development~ County & Municipal Government (Vice Chair)~ Wildlife,General Government,2300 N. Lincoln Blvd.,Oklahoma City,OK,73105,338,405-557-7305,,Devol,,,,Cindy Stevens,,,,,,,,,,,,
Oklahoma House,PerrymanDavid.jpg,Perryman,David,56,D,Minority Caucus Secretary,16,david.perryman@okhouse.gov ,,2024,Caddo~ Grady~ Kiowa,"Business, Labor & Retirement Laws~ Elections & Ethics",General Government~ Judiciary,2300 N. Lincoln Blvd.,Oklahoma City,OK,73105,540,405-557-7401,,Chickasha,,,,Pam King,,,,,,,,,,,,
Oklahoma House,PetersonPam.jpg,Peterson,Pam,67,R,,,pampeterson@okhouse.gov ,,2016,Tulsa,"Appropriations & Budget~ Children, Youth & Family Services (Vice Chair)~ Criminal Justice & Corrections (Chair)~ Public Safety",,2300 N. Lincoln Blvd.,Oklahoma City,OK,73105,405,405-557-7341,,Tulsa,,,,Celia Scott,,,,,,,,,,,,
Oklahoma House,PfeifferJohn.jpg,Pfeiffer,John,38,R,,,john.pfeiffer@okhouse.gov,,2026,Garfield~ Grant~ Kay~ Logan~ Noble,Ag & Rural Development~ State Government Operations~ Veterans & Military Affairs,Natural Resources & Regulatory Services (Vice Chair),2300 N. Lincoln Blvd.,Oklahoma City,OK,73105,301,405-557-7332,,Mulhall,,,,Melinda Goodwin,,,,,,,,,,,,
Oklahoma House,ProctorEric.jpg,Proctor,Eric,77,D,Asst. Minority Leader,12,eric.proctor@okhouse.gov ,,2018,Rogers~ Tulsa,Banking & Financial Services~ Energy & Natural Resources~ State & Federal Relations~ Transportation,,2300 N. Lincoln Blvd.,Oklahoma City,OK,73105,540A,405-557-7410,,Tulsa,,,,Pam King,,,,,,,,,,,,
Oklahoma House,PruettRC.jpg,Pruett,R.C.,19,D,,,rcpruett@okhouse.gov ,,2016,Atoka~ Bryan~ Choctaw~ Pushmataha,Rules~ Tourism & International Relations (Vice Chair)~ Utilities,Public Safety,2300 N. Lincoln Blvd.,Oklahoma City,OK,73105,501,405-557-7382,,Antlers,,,,Kandi Hoehner,,,,,,,,,,,,
Oklahoma House,RenegarBrian.jpg,Renegar,Brian,17,D,,,brian.renegar@okhouse.gov ,,2018,Latimer~ LeFlore~ Pittsburg,"Ag & Rural Development~ Economic Development, Commerce & Real Estate~ Public Safety",,2300 N. Lincoln Blvd.,Oklahoma City,OK,73105,504,405-557-7381,,McAlester,,,,Janice Stotts,,,,,,,,,,,,
Oklahoma House,RitzeMike.jpg,Ritze,Mike,80,R,,,mike.ritze@okhouse.gov ,,2020,Tulsa~ Wagoner,Long-term Care & Senior Services~ Public Health (Chair)~ Public Safety,Human Services,2300 N. Lincoln Blvd.,Oklahoma City,OK,73105,433B,405-557-7338,,Broken Arrow,,,,Natasha Holliday,,,,,,,,,,,,
Oklahoma House,RobertsDustin.jpg,Roberts,Dustin,21,R,,,dustin.roberts@okhouse.gov ,,2022,Bryan,"Economic Development, Commerce & Real Estate~ Tourism & International Relations~ Veterans & Military Affairs (Chair)",Transportation,2300 N. Lincoln Blvd.,Oklahoma City,OK,73105,302B,405-557-7366,,Durant,,,,Hollie Bishop,,,,,,,,,,,,
Oklahoma House,RobertsSean.jpg,Roberts ,Sean,36,R,,,sean.roberts@okhouse.gov ,,2022,Osage~ Tulsa,County & Municipal Government (Chair)~ Energy & Natural Resources~ Public Health,Health,2300 N. Lincoln Blvd.,Oklahoma City,OK,73105,250,405-557-7322,,Hominy,,,,Missy Liston,,,,,,,,,,,,
Oklahoma House,RogersMichael.jpg,Rogers,Michael,98,R,,,michael.rogers@okhouse.gov,,2026,Tulsa~ Wagoner,Common Education (Vice Chair)~ Elections & Ethics~ Insurance,Education,2300 N. Lincoln Blvd.,Oklahoma City,OK,73105,300B,405-557-7362,,Broken Arrow,,,,Natasha Holliday,,,,,,,,,,,,
Oklahoma House,RousselotWade.jpg,Rousselot,Wade,12,D,,,waderousselot@okhouse.gov ,,2016,Wagoner,Ag & Rural Development~ Appropriations & Budget,Human Services (Vice Chair)~ Revenue & Taxation,2300 N. Lincoln Blvd.,Oklahoma City,OK,73105,507,405-557-7388,,Wagoner,,,,Jane Iverson-Ross,,,,,,,,,,,,
Oklahoma House,RussTodd.jpg,Russ,Todd,55,R,,,todd.russ@okhouse.gov ,,2022,Beckham~ Greer~ Kiowa~ Roger Mills~ Washita,Administrative Rules~ Appropriations & Budget~ Banking & Financial Services (Chair)~ Insurance,,2300 N. Lincoln Blvd.,Oklahoma City,OK,73105,300,405-557-7312,,Cordell,,,,Debby Morales,,,,,,,,,,,,
Oklahoma House,SandersMike.jpg,Sanders,Mike,59,R,,,mike.sanders@okhouse.gov ,,2020,Blaine~ Canadian~ Dewey~ Kingfisher~ Woodward,Ag & Rural Development~ Appropriations & Budget~ Energy & Natural Resources,Transportation (Chair),2300 N. Lincoln Blvd.,Oklahoma City,OK,73105,205,405-557-7407,,Kingfisher,,,,Billie Uhlenhake,,,,,,,,,,,,
Oklahoma House,ScottSeneca.jpg,Scott,Seneca,72,D,,,seneca.scott@okhouse.gov ,,2020,Tulsa,Energy & Natural Resources~ Government Oversight & Accountability~ State & Federal Relations,Natural Resources & Regulatory Services,2300 N. Lincoln Blvd.,Oklahoma City,OK,73105,510,405-557-7391,,Tulsa,,,,Gracie Monson,,,,,,,,,,,,
Oklahoma House,SearsEarl.jpg,Sears,Earl,11,R,,,earl.sears@okhouse.gov ,,2018,Rogers~ Tulsa~ Washington,Appropriations & Budget (Chair),,2300 N. Lincoln Blvd.,Oklahoma City,OK,73105,432D,405-557-7358,,Bartlesville,,,,Melinda Goodwin,,,,,,,,,,,,
Oklahoma House,SheltonMike.jpg,Shelton,Mike,97,D,,,mikeshelton@okhouse.gov ,,2016,Oklahoma,Administrative Rules~ Banking & Financial Services~ Insurance,Health,2300 N. Lincoln Blvd.,Oklahoma City,OK,73105,539,405-557-7367,,Oklahoma City,,,,Tanisha Woods,,,,,,,,,,,,
Oklahoma House,SherrerBen.jpg,Sherrer,Ben,8,D,Minority Floor Leader,11,bensherrer@okhouse.gov ,,2016,Mayes~ Rogers~ Wagoner,"Appropriations & Budget~ Children, Youth & Family Services~ Criminal Justice & Corrections~ Judiciary & Civil Procedure",,2300 N. Lincoln Blvd.,Oklahoma City,OK,73105,500,405-557-7364,,Choteau,,,,Debra Smith,,,,,,,,,,,,
Oklahoma House,ShoemakeJerry.jpg,Shoemake,Jerry,16,D,,,jerryshoemake@okhouse.gov ,,2016,Muskogee~ Okmulgee~ Tulsa~ Wagoner,Ag & Rural Development~ Rules~ Veterans & Military Affairs (Vice Chair),Natural Resources & Regulatory Services,2300 N. Lincoln Blvd.,Oklahoma City,OK,73105,506,405-557-7373,,Morris,,,,Connie Riley,,,,,,,,,,,,
Oklahoma House,StoneShane.jpg,Stone,Shane,89,D,,,shane.stone@okhouse.gov,,2026,Oklahoma,"Business, Labor & Retirement Laws~ Common Education~ Insurance",Revenue & Taxation,2300 N. Lincoln Blvd.,Oklahoma City,OK,73105,510A,405-557-7397,,Oklahoma City,,,,Jacklyn Brink Rosen,,,,,,,,,,,,
Oklahoma House,StrohmChuck.jpg,Strohm,Chuck,69,R,,,chuck.strohm@okhouse.gov,,2026,Tulsa,"Business, Labor & Retirement Laws (Vice Chair)~ Common Education~ Long-term Care & Senior Services",Revenue & Taxation,2300 N. Lincoln Blvd.,Oklahoma City,OK,73105,300C,405-557-7331,,Jenks,,,,Cheri Snipes,,,,,,,,,,,,
Oklahoma House,TadlockJohnny.jpg,Tadlock,Johnny,1,D,,,johnny.tadlock@okhouse.gov,,2026,LeFlore~ McCurtain,County & Municipal Government~ Criminal Justice & Corrections~ Government Oversight & Accountability~ Tourism & International Relations,,2300 N. Lincoln Blvd.,Oklahoma City,OK,73105,539B,405-557-7363,,Idabel,,,,Jane Iverson-Ross,,,,,,,,,,,,
Oklahoma House,ThomsenTodd.jpg,Thomsen,Todd,25,R,,,todd.thomsen@okhouse.gov ,,2018,Pontotoc,Common Education~ Energy & Natural Resources~ Utilities (Chair),Education,2300 N. Lincoln Blvd.,Oklahoma City,OK,73105,410,405-557-7336,,Ada,,,,Linda James,,,,,,,,,,,,
Oklahoma House,VaughanSteve.jpg,Vaughan,Steve,37,R,,,steve.vaughan@okhouse.gov ,,2022,Kay~ Osage,Ag & Rural Development~ Environmental Law~ Wildlife (Chair),Natural Resources & Regulatory Services,2300 N. Lincoln Blvd.,Oklahoma City,OK,73105,335,405-557-7355,,Ponca City,,,,Audra Brice,,,,,,,,,,,,
Oklahoma House,VirginEmily.jpg,Virgin,Emily,44,D,,,emily.virgin@okhouse.gov ,,2022,Cleveland,Higher Ed & Career Tech~ Judiciary & Civil Procedure,Education,2300 N. Lincoln Blvd.,Oklahoma City,OK,73105,500,405-557-7323,,Norman,,,,Debra Smith,,,,,,,,,,,,
Oklahoma House,WalkerKen.jpg,Walker,Ken,70,R,,,ken.walker@okhouse.gov ,,2024,Tulsa,Administrative Rules~ Public Safety~ State & Federal Relations,Transportation (Vice Chair),2300 N. Lincoln Blvd.,Oklahoma City,OK,73105,204,405-557-7359,,Tulsa,,,,Billie Uhlenhake,,,,,,,,,,,,
Oklahoma House,WallaceKevin.jpg,Wallace,Kevin,32,R,,,kevin.wallace@okhouse.gov,,2026,Lincoln~ Logan,"Ag & Rural Development~ Business, Labor & Retirement Laws~ Wildlife (Vice Chair)",Natural Resources & Regulatory Services,2300 N. Lincoln Blvd.,Oklahoma City,OK,73105,246B,405-557-7368,,Wellston,,,,Sarah Spencer,,,,,,,,,,,,
Oklahoma House,WatsonWeldon.jpg,Watson,Weldon,79,R,,,weldon.watson@okhouse.gov ,,2018,Tulsa,Energy & Natural Resources (Chair)~ Rules~ Utilities,Judiciary,2300 N. Lincoln Blvd.,Oklahoma City,OK,73105,406,405-557-7330,,Tulsa,,,,Celia Scott,,,,,,,,,,,,
Oklahoma House,WesselhoftPaul.jpg,Wesselhoft,Paul,54,R,,,paulwesselhoft@okhouse.gov ,,2016,Cleveland~ Oklahoma,Appropriations & Budget~ Elections & Ethics (Chair)~ Energy & Natural Resources~ Public Safety,,2300 N. Lincoln Blvd.,Oklahoma City,OK,73105,328,405-557-7343,,Moore,,,,Kari Wilson,,,,,,,,,,,,
Oklahoma House,WilliamsCory.jpg,Williams,Cory,34,D,,,cory.williams@okhouse.gov ,,2020,Payne,Criminal Justice & Corrections~ Environmental Law~ Higher Ed & Career Tech,General Government,2300 N. Lincoln Blvd.,Oklahoma City,OK,73105,544,405-557-7411,,Stillwater,,,,Kandi Hoehner,,,,,,,,,,,,
Oklahoma House,WoodJustin.jpg,Wood,Justin,26,R,,,justin.wood@okhouse.gov ,,2024,Pottawatomie,"Alcohol, Tobacco & Controlled Substances~ Energy & Natural Resources~ Higher Ed & Career Tech (Vice Chair)",Human Services,2300 N. Lincoln Blvd.,Oklahoma City,OK,73105,202,405-557-7345,,Shawnee,,,,Jennifer Cooper,,,,,,,,,,,,
Oklahoma House,WrightHarold.jpg,Wright,Harold,57,R,,,harold.wright@okhouse.gov ,,2020,Beckham~ Blaine~ Caddo~ Canadian~ Custer,Ag & Rural Development~ Appropriations & Budget~ Higher Ed & Career Tech (Chair)~ Rules,,2300 N. Lincoln Blvd.,Oklahoma City,OK,73105,332,405-557-7325,,Weatherford,,,,Dee Lemon,,,,,,,,,,,,
Oklahoma House,YoungGeorge.jpg,Young,George,99,D,,,george.young@okhouse.gov,,2026,Oklahoma,"Children, Youth & Family Services~ Long-term Care & Senior Services",Human Services,2300 N. Lincoln Blvd.,Oklahoma City,OK,73105,510B,405-557-7393,,Oklahoma City,,,,Gracie Monson,,,,,,,,,,,,
Oklahoma Senate,AllenMark.jpg,Allen,Mark,4,R,,,allen@oksenate.gov,,2022,LeFlore~ Sequoyah,Ag & Rural Development (Vice Chair)~ Appropriations~ Energy~ Transportation,General Government,2300 N. Lincoln Blvd.,Oklahoma City,OK,73105,415,405-521-5576,,Spiro,,,,Grace McMillan,,,,,,,,,,,,
Oklahoma Senate,AndersonPatrick.jpg,Anderson,Patrick,19,R,,,anderson@oksenate.gov,,2016,Alfalfa~ Garfield~ Grant~ Kay,Appropriations~ Pensions~ Tourism & Wildlife~ Veterans & Military Affairs (Vice Chair),Natural Resources & Regulatory Services,2300 N. Lincoln Blvd.,Oklahoma City,OK,73105,233,405-521-5630,,Enid,,,,Kathie Darr,,,,,,,,,,,,
Oklahoma Senate,BarringtonDon.jpg,Barrington,Don,31,R,,,barrington@oksenate.gov,,2016,Comanche~ Cotton~ Jefferson~ Stephens~ Tillman,Ag & Rural Development~ Appropriations~ Public Safety (Chair)~ Transportation,Public Safety & Judiciary,2300 N. Lincoln Blvd.,Oklahoma City,OK,73105,232,405-521-5563,,Lawton,,,,Sandra Shelton,,,,,,,,,,,,
Oklahoma Senate,BassRandy.jpg,Bass,Randy,32,D,Minority Floor Leader,13,bass@oksenate.gov,,2018,Comanche,Appropriations~ Energy~ Insurance~ Pensions~ Tourism & Wildlife~ Transportation,General Government~ Natural Resources & Regulatory Services,2300 N. Lincoln Blvd.,Oklahoma City,OK,73105,519,405-521-5567,,Lawton,,,,Donna Ambler,,,,,,,,,,,,
Oklahoma Senate,BiceStephanie.jpg,Bice,Stephanie,22,R,,,bice@oksenate.gov,,2026,Canadian~ Oklahoma,Appropriations~ Business & Commerce (Vice Chair)~ General Government~ Transportation,Select Agencies,2300 N. Lincoln Blvd.,Oklahoma City,OK,73105,531,405-521-5592,,Edmond,,,,Anissa Scott,,,,,,,,,,,,
Oklahoma Senate,BingmanBrian.jpg,Bingman,Brian,12,R,President Pro Tempore,1,bingman@oksenate.gov,,2016,Creek~ Tulsa,,,2300 N. Lincoln Blvd.,Oklahoma City,OK,73105,422,405-521-5528,,Sapulpa,,,,Cheryl Boothe,,,,,,,,,,,,
Oklahoma Senate,BoggsLarry.jpg,Boggs,Larry,7,R,,,boggs@oksenate.gov,,2024,Haskell~ Hughes~ Latimer~ Okfuskee~ Pittsburg,Ag & Rural Development~ Appropriations~ Tourism & Wildlife (Vice Chair)~ Veterans & Military Affairs,General Government,2300 N. Lincoln Blvd.,Oklahoma City,OK,73105,529A,405-521-5604,,Wilburton,,,,Anita Bell,,,,,,,,,,,,
Oklahoma Senate,BrecheenJosh.jpg,Brecheen,Josh,6,R,,,brecheen@oksenate.gov,,2022,Atoka~ Bryan~ Coal~ Johnston~ Marshall,Appropriations~ Education~ Public Safety~ Tourism & Wildlife (Chair),Public Safety & Judiciary,2300 N. Lincoln Blvd.,Oklahoma City,OK,73105,413,405-521-5586,,Coalgate,,,,Anita Huntley,,,,,,,,,,,,
Oklahoma Senate,BrinkleyRick.jpg,Brinkley,Rick,34,R,Asst. Majority Floor Leader,3,brinkley@oksenate.gov,,2022,Rogers~ Tulsa,Appropriations~ Energy~ Finance (Vice Chair)~ Pensions (Chair)~ Rules,General Government,2300 N. Lincoln Blvd.,Oklahoma City,OK,73105,238,405-521-5566,,Owasso,,,,Jonathan Grable,,,,,,,,,,,,
Oklahoma Senate,BrooksCorey.jpg,Brooks,Corey,43,R,,,brooks@oksenate.gov,,2024,Garvin~ Grady~ McClain~ Stephens,Appropriations~ General Government~ Judiciary~ Public Safety (Vice Chair),Public Safety & Judiciary,2300 N. Lincoln Blvd.,Oklahoma City,OK,73105,529B,405-521-5522,,Washington,,,,Katie Duvall,,,,,,,,,,,,
Oklahoma Senate,BrownBill.jpg,Brown,Bill,36,R,,,brownb@oksenate.gov,,2018,Tulsa~ Wagoner,Appropriations~ Insurance (Chair)~ Pensions~ Tourism & Wildlife,Public Safety & Judiciary,2300 N. Lincoln Blvd.,Oklahoma City,OK,73105,412,405-521-5602,,Broken Arrow,,,,Doris Sesock,,,,,,,,,,,,
Oklahoma Senate,CrainBrian.jpg,Crain,Brian,39,R,,,crain@oksenate.gov,,2016,Tulsa,Appropriations~ Energy~ Health & Human Services~ Judiciary (Vice Chair),Health & Human Services,2300 N. Lincoln Blvd.,Oklahoma City,OK,73105,417B,405-521-5620,,Tulsa,,,,Seth Rott,,,,,,,,,,,,
Oklahoma Senate,DahmNathan.jpg,Dahm,Nathan,33,R,Majority Whip,6,dahm@oksenate.gov,,2024,Tulsa,Appropriations~ Business & Commerce~ Finance~ General Government (Chair)~ Rules,Select Agencies,2300 N. Lincoln Blvd.,Oklahoma City,OK,73105,534,405-521-5551,,Broken Arrow,,,,Sharon Brown,,,,,,,,,,,,
Oklahoma Senate,DavidKim.jpg,David,Kim,18,R,Majority Whip,7,david@oksenate.gov,,2022,Cherokee~ Mayes~ Muskogee~ Tulsa~ Wagoner,Appropriations~ Finance~ Health & Human Services~ Public Safety~ Rules,Health & Human Services (Chair),2300 N. Lincoln Blvd.,Oklahoma City,OK,73105,417C,405-521-5590,,Wagoner,,,,Gayla Guinn,,,,,,,,,,,,
Oklahoma Senate,FieldsEddie.jpg,Fields,Eddie,10,R,Asst. Majority Floor Leader,4,efields@oksenate.gov,,2020,Kay~ Osage,Ag & Rural Development (Chair)~ Appropriations~ Energy~ Rules (Vice Chair)~ Tourism & Wildlife,Natural Resources & Regulatory Services,2300 N. Lincoln Blvd.,Oklahoma City,OK,73105,530,405-521-5581,,Wynona,,,,Betsy Ingraham,,,,,,,,,,,,
Oklahoma Senate,FloydKay.jpg,Floyd,Kay,46,D,Asst. Minority Leader/Whip/Caucus Chair,15,floyd@oksenate.gov,,2024,Oklahoma,Appropriations~ General Government~ Health & Human Services~ Judiciary~ Rules,Education~ Public Safety & Judiciary~ Select Agencies,2300 N. Lincoln Blvd.,Oklahoma City,OK,73105,522A,405-521-5610,,Oklahoma City,,,,Leah Hicks,,,,,,,,,,,,
Oklahoma Senate,FordJohn.jpg,Ford,John,29,R,,,fordj@oksenate.gov,,2016,Nowata~ Rogers~ Washington,Appropriations~ Education (Chair)~ Finance~ Public Safety,Education,2300 N. Lincoln Blvd.,Oklahoma City,OK,73105,424A,405-521-5634,,Bartlesville,,,,Kathy Townsend,,,,,,,,,,,,
Oklahoma Senate,FryJack.jpg,Fry,Jack,42,R,,,fry@oksenate.gov,,2026,Oklahoma,Appropriations~ General Government (Vice Chair)~ Transportation~ Veterans & Military Affairs,General Government,2300 N. Lincoln Blvd.,Oklahoma City,OK,73105,413A,405-521-5584,,Midwest City,,,,Denise Manek,,,,,,,,,,,,
Oklahoma Senate,GarrisonEarl.jpg,Garrison,Earl,9,D,Asst. Minority Leader,18,garrisone@oksenate.gov,,2016,Cherokee~ Muskogee,Ag & Rural Development~ Appropriations~ Education~ Rules~ Tourism & Wildlife~ Veterans & Military Affairs,Health & Human Services,2300 N. Lincoln Blvd.,Oklahoma City,OK,73105,520,405-521-5533,,Muskogee,,,,Peggy White,,,,,,,,,,,,
Oklahoma Senate,GriffinAJ.jpg,Griffin,AJ,20,R,Majority Caucus Vice Chair,11,griffin@oksenate.gov,,2024,Kingfisher~ Logan~ Noble~ Pawnee,Appropriations~ Energy (Vice Chair)~ Health & Human Services~ Judiciary~ Rules,Health & Human Services (Vice Chair),2300 N. Lincoln Blvd.,Oklahoma City,OK,73105,428B,405-521-5628,,Guthrie,,,,Kathy Barton,,,,,,,,,,,,
Oklahoma Senate,HalliganJim.jpg,Halligan,Jim,21,R,,,halligan@oksenate.gov,,2020,Payne,Appropriations~ Business & Commerce~ Education~ Finance,Education (Chair),2300 N. Lincoln Blvd.,Oklahoma City,OK,73105,425,405-521-5572,,Stillwater,,,,Deborah Curry,,,,,,,,,,,,
Oklahoma Senate,HoltDavid.jpg,Holt,David,30,R,,,holt@oksenate.gov,,2022,Oklahoma,Appropriations~ General Government~ Judiciary~ Public Safety,Select Agencies (Chair),2300 N. Lincoln Blvd.,Oklahoma City,OK,73105,423,405-521-5636,,Oklahoma City,,,,Dorynda Dusek,,,,https://twitter.com/davidfholt,https://www.facebook.com/davidfullerholt,,,,,,,
Oklahoma Senate,JechDarcy.jpg,Jech,Darcy,26,R,,,jech@oksenate.gov,,2026,Beckham~ Blaine~ Caddo~ Custer~ Kingfisher~ Roger Mills,Appropriations~ Finance~ Insurance~ Pensions (Vice Chair),Natural Resources & Regulatory Services,2300 N. Lincoln Blvd.,Oklahoma City,OK,73105,528A,405-521-5545,,Kingfisher,,,,Christi Deal,,,,,,,,,,,,
Oklahoma Senate,JolleyClark.jpg,Jolley,Clark,41,R,,,jolley@oksenate.gov,,2016,Oklahoma,Appropriations (Chair)~ Education~ Energy~ Finance~ Rules,,2300 N. Lincoln Blvd.,Oklahoma City,OK,73105,537,405-521-5622,,Edmond,,,,Gay Greeno,,,,,,,,,,,,
Oklahoma Senate,JusticeRon.jpg,Justice,Ron,23,R,Rural Caucus Chair,12,justice@oksenate.gov,,2016,Canadian~ Grady~ Kingfisher,Ag & Rural Development~ Appropriations~ Energy~ Rules (Chair)~ Tourism & Wildlife,Natural Resources & Regulatory Services (Chair),2300 N. Lincoln Blvd.,Oklahoma City,OK,73105,526,405-521-5537,,Chickasha,,,,Linda Terrill,,,,,,,,,,,,
Oklahoma Senate,LovelessKyle.jpg,Loveless,Kyle,45,R,,,loveless@oksenate.gov,,2024,Canadian~ Cleveland~ Oklahoma,Appropriations~ Energy~ Health & Human Services~ Transportation,General Government (Chair),2300 N. Lincoln Blvd.,Oklahoma City,OK,73105,237,405-521-5618,,Oklahoma City,,,,Debbie Purinton,,,,,,,,,,,,
Oklahoma Senate,MarlattBryce.jpg,Marlatt,Bryce,27,R,Majority Caucus Chair,10,marlatt@oksenate.gov,,2020,Beaver~ Cimarron~ Dewey~ Ellis~ Harper~ Major~ Texas~ Woods~ Woodward,Appropriations~ Energy (Chair)~ General Government~ Rules~ Transportation,General Government,2300 N. Lincoln Blvd.,Oklahoma City,OK,73105,428,405-521-5626,,Woodward,,,,Lindsay Messer,,,,,,,,,,,,
Oklahoma Senate,MazzeiMike.jpg,Mazzei,Mike,25,R,,,mazzei@oksenate.gov,,2016,Tulsa,Appropriations~ Finance (Chair)~ Insurance~ Pensions,Natural Resources & Regulatory Services,2300 N. Lincoln Blvd.,Oklahoma City,OK,73105,424,405-521-5675,,Tulsa,,,,Roxanne Blystone,,,,,,,,,,,,
Oklahoma Senate,NewberryDan.jpg,Newberry,Dan,37,R,,,newberry@oksenate.gov,,2020,Tulsa,Appropriations~ Business & Commerce (Chair)~ Pensions~ Transportation,Select Agencies,2300 N. Lincoln Blvd.,Oklahoma City,OK,73105,234,405-521-5600,,Tulsa,,,,Amanda Gattenby,,,,,,,,,,,,
Oklahoma Senate,PaddackSusan.jpg,Paddack,Susan,13,D,Asst. Minority Floor Leader,17,paddack@oksenate.gov,,2016,Garvin~ Hughes~ Pontotoc~ Pottawatomie~ Seminole,Appropriations~ Education~ Finance~ Pensions~ Public Safety~ Transportation,Public Safety & Judiciary~ General Government,2300 N. Lincoln Blvd.,Oklahoma City,OK,73105,522B,405-521-5541,,Ada,,,,Toni Doake,,,,,,,,,,,,
Oklahoma Senate,PittmanAnastasia.jpg,Pittman,Anastasia,48,D,Minority Whip,19,pittman@oksenate.gov,,2018,Oklahoma,Appropriations~ Business & Commerce~ General Government~ Health & Human Services~ Transportation~ Veterans & Military Affairs,Health & Human Services~ Selected Agencies,2300 N. Lincoln Blvd.,Oklahoma City,OK,73105,518,405-521-5531,,Oklahoma City,,,,Ms. Trena Byas,,,,,,,,,,,,
Oklahoma Senate,QuinnMarty.jpg,Quinn,Marty,2,R,,,quinn@oksenate.gov,,2026,Rogers,Appropriations~ Education~ Finance~ Insurance,Natural Resources & Regulatory Services (Vice Chair),2300 N. Lincoln Blvd.,Oklahoma City,OK,73105,528B,405-521-5555,,Claremore,,,,Donna Garlick,,,,,,,,,,,,
Oklahoma Senate,SchulzMike.jpg,Schulz,Mike,38,R,Majority Floor Leader,2,schulz@oksenate.gov,,2018,Custer~ Greer~ Harmon~ Jackson~ Kiowa~ Washita,,,2300 N. Lincoln Blvd.,Oklahoma City,OK,73105,418,405-521-5612,,Altus,,,,Pam Nordstrom,,,,,,,,,,,,
Oklahoma Senate,,Seat,Vacant,11,,,,,,,Osage~ Tulsa,,,2300 N. Lincoln Blvd.,Oklahoma City,OK,73105,,,,,,,,,,,,,,,,,,,,
Oklahoma Senate,SharpRon.jpg,Sharp,Ron,17,R,,,sharp@oksenate.gov,,2024,Oklahoma~ Pottawatomie,Appropriations~ Business & Commerce~ Education (Vice Chair)~ Tourism & Wildlife,Education,2300 N. Lincoln Blvd.,Oklahoma City,OK,73105,429,405-521-5539,,Shawnee,,,,Cindy Sullivan,,,,,,,,,,,,
Oklahoma Senate,ShawWayne.jpg,Shaw,Wayne,3,R,,,shaw@oksenate.gov,,2024,Adair~ Cherokee~ Delaware~ Mayes~ Rogers,Appropriations~ Education~ Public Safety~ Tourism & Wildlife,Select Agencies (Vice Chair),2300 N. Lincoln Blvd.,Oklahoma City,OK,73105,235,405-521-5574,,Grove,,,,Will Overlander,,,,,,,,,,,,
Oklahoma Senate,ShorteyRalph.jpg,Shortey,Ralph,44,R,,,shortey@oksenate.gov,,2022,Canadian~ Oklahoma,Appropriations~ Energy~ General Government~ Transportation,Public Safety & Judiciary (Vice Chair),2300 N. Lincoln Blvd.,Oklahoma City,OK,73105,527A,405- 521-5557,,Oklahoma City,,,,William Claybrook,,,,,,,,,,,,
Oklahoma Senate,SilkJoseph.jpg,Silk,Joseph,5,R,,,silk@oksenate.gov,,2026,Atoka~ Choctaw~ LeFlore~ McCurtain~ Pushmataha,Ag & Rural Development~ Appropriations~ Business & Commerce~ Transportation (Vice Chair),Education,2300 N. Lincoln Blvd.,Oklahoma City,OK,73105,536,405-521-5614,,Broken Bow,,,,Sherry Mitchell,,,,,,,,,,,,
Oklahoma Senate,SimpsonFrank.jpg,Simpson,Frank,14,R,Majority Whip,8,simpson@oksenate.gov,,2022,Carter~ Johnston~ Love~ Murray,Ag & Rural Development~ Appropriations~ Finance~ Rules~ Veterans & Military Affairs (Chair),Health & Human Services,2300 N. Lincoln Blvd.,Oklahoma City,OK,73105,414,405-521-5607,,Ardmore,,,,Glenda Colbert,,,,,,,,,,,,
Oklahoma Senate,SmalleyJason.jpg,Smalley,Jason,28,R,,,smalley@oksenate.gov,,2024,Lincoln~ Pottawatomie~ Seminole,Appropriations~ Education~ Transportation~ Veterans & Military Affairs,Education (Vice Chair),2300 N. Lincoln Blvd.,Oklahoma City,OK,73105,416,405-521-5547,,Stroud,,,,Cali Tonnu,,,,,,,,,,,,
Oklahoma Senate,SparksJohn.jpg,Sparks,John,16,D,Asst. Minority Floor Leader,16,sparks@oksenate.gov,,2018,Cleveland,Appropriations~ Education~ Energy~ Finance~ Insurance (Vice Chair)~ Judiciary~ Rules,Education,2300 N. Lincoln Blvd.,Oklahoma City,OK,73105,521B,405-521-5553,,Norman,,,,Cindy Moore,,,,,,,,,,,,
Oklahoma Senate,StandridgeRob.jpg,Standridge,Rob,15,R,Majority Whip,9,standridge@oksenate.gov,,2024,Cleveland~ Oklahoma,Appropriations~ Energy~ Health & Human Services (Chair)~ Judiciary~ Rules,Health & Human Services,2300 N. Lincoln Blvd.,Oklahoma City,OK,73105,417A,405-521-5535,,Norman,,,,Susan Wallace,,,,,,,,,,,,
Oklahoma Senate,StanislawskiGary.jpg,Stanislawski,Gary,35,R,,,stanislawski@oksenate.gov,,2020,Tulsa,Appropriations~ Education~ Insurance~ Transportation (Chair),Education,2300 N. Lincoln Blvd.,Oklahoma City,OK,73105,427A,405-521-5624,,Tulsa,,,,Shannon Sharpton,,,,,,,,,,,,
Oklahoma Senate,SykesAnthony.jpg,Sykes,Anthony,24,R,,,lewis@oksenate.gov,,2018,Cleveland,Ag & Rural Development~ Appropriations~ Judiciary (Chair)~ Veterans & Military Affairs,Public Safety & Judiciary,2300 N. Lincoln Blvd.,Oklahoma City,OK,73105,426,405-521-5569,,Moore,,,,Tonya Lewis,,,,,,,,,,,,
Oklahoma Senate,ThompsonRoger.jpg,Thompson,Roger,8,R,,,thompson@oksenate.gov,,2026,McIntosh~ Muskogee~ Okfuskee~ Okmulgee,Appropriations~ Business & Commerce~ Education~ Judiciary,General Government (Vice Chair),2300 N. Lincoln Blvd.,Oklahoma City,OK,73105,527B,405-521-5588,,Okemah,,,,Susan Cochran,,,,,,,,,,,,
Oklahoma Senate,TreatGreg.jpg,Treat,Greg,47,R,Asst. Majority Floor Leader,5,treat@oksenate.gov,,2024,Oklahoma,Appropriations (Vice Chair)~ Energy~ Health & Human Services~ Judiciary~ Rules,Public Safety & Judiciary (Chair),2300 N. Lincoln Blvd.,Oklahoma City,OK,73105,427,405-521-5632,,Oklahoma City,,,,Janet Muller,,,,,,,,,,,,
Oklahoma Senate,WyrickCharles.jpg,Wyrick,Charles,1,D,Asst. Minority Leader/Caucus Vice Chair,14,wyrick@oksenate.gov,,2016,Craig~ Delaware~ Mayes~ Ottawa,Ag & Rural Development~ Appropriations~ Business & Commerce~ Energy~ Finance~ Public Safety~ Tourism & Wildlife,Natural Resources & Regulatory Services,2300 N. Lincoln Blvd.,Oklahoma City,OK,73105,523,405-521-5561,,Fairland,,,,Linda Bostick,,,,,,,,,,,,
Oklahoma Senate,YenErvin.jpg,Yen,Ervin,40,R,,,yen@oksenate.gov,,2026,Oklahoma,Appropriations~ Business & Commerce~ Finance~ Health & Human Services (Vice Chair),Health & Human Services,2300 N. Lincoln Blvd.,Oklahoma City,OK,73105,411A,405-521-5543,,Oklahoma City,,,,Laurie Nicoll,,,,,,,,,,,,
Statewide,AnthonyBob.jpg,Anthony,Bob,9,R,Corporation Commissioner,9,,http://www.occeweb.com,,,,,2101 N. Lincoln Blvd.,Oklahoma City,OK,73105,,405-521-2211,,,,,,,,,,,,,,,,,,
Statewide,CostelloMark.jpg,Costello,Mark,7,R,Commissioner of Labor,7,,http://ok.gov/odol/,,,,,"3017 N. Stiles, Ste. 100",Oklahoma City,OK,73105,,405-521-6100,,,,,,,,,,,,,,,,,,
Statewide,DoakJohn.jpg,Doak,John,8,R,Insurance Commissioner,8,,http://ok.gov/oid/,,,,,"3625 NW 56th, Ste. 100",Oklahoma City,OK,73112,,405-521-2828,,,,,,,,,,,,,,,,,,
Statewide,FallinMary.jpg,Fallin,Mary,1,R,Governor,1,,http://www.ok.gov/governor/,,,,,2300 N. Lincoln Blvd.,Oklahoma City,OK,73105,,,,,,,,,,,,,,,,,,,,
Statewide,HiettTodd.jpg,Hiett,Todd,10,R,Corporation Commissioner,11,,http://www.occeweb.com,,,,,2101 N. Lincoln Blvd.,Oklahoma City,OK,73105,,405-521-2211,,,,,,,,,,,,,,,,,,
Statewide,HofmeisterJoy.jpg,Hofmeister,Joy,6,R,Supt. Of Public Instruction,6,,http://www.ok.gov/sde/,,,,,2500 N. Lincoln Blvd.,Oklahoma City,OK,73105,,405-521-3301,,,,,,,,,,,,,,,,,,
Statewide,JonesGary.jpg,Jones,Gary,3,R,Auditor & Inspector,3,,http://www.sai.ok.gov,,,,,2300 N. Lincoln Blvd.,Oklahoma City,OK,73105,,405-521-3495,,,,,,,,,,,,,,,,,,
Statewide,LambTodd.jpg,Lamb,Todd,2,R,Lt. Governor,2,,http://www.ok.gov/ltgovernor/,,,,,2300 N. Lincoln Blvd.,Oklahoma City,OK,73105,,,,,,,,,,,,,,,,,,,,
Statewide,MillerKen.jpg,Miller,Ken,5,R,State Treasurer,5,,http://www.ok.gov/treasurer/,,,,,2300 N. Lincoln Blvd.,Oklahoma City,OK,73105,217,405-521-3191,,,,,,,,,,,,,,,,,,
Statewide,MurphyDana.jpg,Murphy,Dana,11,R,Corporation Commissioner,10,,http://www.occeweb.com,,,,,2101 N. Lincoln Blvd.,Oklahoma City,OK,73105,,405-521-2211,,,,,,,,,,,,,,,,,,
Statewide,PruittScott.jpg,Pruitt,Scott,4,R,Attorney General,4,,http://oag.state.ok.us,,,,,313 NE 21st St.,Oklahoma City,OK,73105,,405-521-3921,,,,,,,,,,,,,,,,,,
US House,BridenstineJim.jpg,Bridenstine,Jim,1,R,,1,,http://bridenstine.house.gov,,Creek~ Rogers~ Tulsa~ Washington~ Wagoner,,,216 Cannon House Office Building,Washington,DC,20515,216,202-225-2211,"2448 E. 81st St., Ste. 5150",Tulsa,OK,74137,918-935-3222,,,,,,,,,,,,,
US House,Tom_Cole.jpg,Cole,Tom,4,R,,4,,http://cole.house.gov,,Canadian~ Carter~ Cleveland~ Comanche~ Cotton~ Garvin~ Grady~ Jefferson~ Love~ Marshall~ McClain~ Murray~ Oklahoma~ Pontotoc~ Stephens~ Tillman,,,2467 Rayburn House Office Building,Washington,DC,20515,2467,202-225-6165,"2424 Springer Dr., Ste. 201",Norman,OK,73069,405-329-6500,,,,,,,,,,,,,
US House,Frank_Lucas.jpg,Lucas,Frank,3,R,,3,,http://lucas.house.gov,,Alfalfa~ Beaver~ Beckham~ Blaine~ Caddo~ Canadian~ Cimarron~ Creek~ Custer~ Dewey~ Ellis~ Garfield~ Grant~ Greer~ Harmon~ Harper~ Jackson~ Kay~ Kingfisher~ Kiowa~ Lincoln~ Logan~ Major~ Noble~ Osage~ Pawnee~ Payne~ Roger Mills~ Texas~ Washita~ Woods~ Woodward,,,2405 Rayburn House Office Building,Washington,DC,20515,2405,202-225-5565,"10952 NW Expressway, Ste. B",Yukon,OK,73099,405-373-1958,,,,,,,,,,,,,
US House,MullinMarkwayne.jpg,Mullin,Markwayne,2,R,,2,,http://mullin.house.gov,,Adair~ Atoka~ Bryan~ Cherokee~ Choctaw~ Coal~ Craig~ Delaware~ Haskell~ Hughes~ Johnston~ Latimer~ LeFlore~ Mayes~ McCurtain~ McIntosh~ Muskogee~ Nowata~ Okfuskee~ Okmulgee~ Ottawa~ Pittsburg~ Pushmataha~ Rogers~ Sequoyah,,,1113 Longworth House Office Building,Washington,DC,20515,1113,202-225-2701,431 W. Broadway,Muskogee,OK,74401,918-687-2533,,,,,,,,,,,,,
US House,RussellSteve.jpg,Russell,Steve,5,R,,5,,https://russell.house.gov,,Oklahoma~ Pottawatomie~ Seminole,,,128 Cannon House Office Building,Washington,DC,20515,128,202-225-2132,"4600 SE 29th St., Ste. 400",Del City,OK,73115,405-602-3074,,,,,,,,,,,,,
US Senate,Jim_Inhofe.jpg,Inhofe,James (Jim),1,R,,1,,http://www.inhofe.senate.gov,,,,,205 Russell Senate Office Building,Washington,DC,20510,205,202-224-4721,"1900 NW Expressway, Ste. 1210",Oklahoma City,OK,73118,405-608-4381,,,,,,,,,,,,,
US Senate,James_Lankford.jpg,Lankford,James,2,R,,2,,http://www.lankford.senate.gov,,,,,B40C Dirksen Senate Office Building,Washington,DC,20510,B40C,202-224-5754,"1015 N. Broadway, Ste. 310",Oklahoma City,OK,73102,405-234-9900,,,,,,,,,,,,,
