Type,Photo,Last Name,First Name,District #,Party,Title/leadership,Sort Order,E-mail,Website,Term limit,Counties covered,Standing Committee,Appropriations Subcommittee,Office address,Office city,Office state,Office zip,Office Rm #,Office phone,Home address,Home city,Home state,Home zip,District Phone,LA name,Predecessor,Cooperative Name,Cooperative Logo Filename,Twitter,Facebook,LinkedIn,Miles of Line,Active Meters,Employees,Active Meters/Mile,Co-op Type,Co-op Region Name
OAEC Contact,HowethStacy.jpg,Howeth,Stacy,,,"Director, Member Services",3,showeth@oaec.coop,http://www.oaec.coop,,,,,2325 E. I-44 Service Rd.,Oklahoma City,OK,73111,,405-478-1455,,,,,,,,Oklahoma Association of Electric Cooperatives,,http://twitter.com/OAECoop,http://www.facebook.com/OklahomaAssociationOfElectricCooperatives?ref=ts&fref=ts,,,,,,,
OAEC Contact,MeyersChris.jpg,Meyers,Chris,,,General Manager/CEO,1,cmeyers@oaec.coop,http://www.oaec.coop,,,,,2325 E. I-44 Service Rd.,Oklahoma City,OK,73111,,405-478-1455,,,,,,,,Oklahoma Association of Electric Cooperatives,,http://twitter.com/OAECoop,http://www.facebook.com/OklahomaAssociationOfElectricCooperatives?ref=ts&fref=ts,,,,,,,
OAEC Contact,SparksKenny.jpg,Sparks,Kenny,,,"Director, Legislative & Regulatory Affairs",2,ksparks@oaec.coop,http://www.oaec.coop,,,,,2325 E. I-44 Service Rd.,Oklahoma City,OK,73111,,405-478-1455,,,,,,,,Oklahoma Association of Electric Cooperatives,,http://twitter.com/OAECoop,http://www.facebook.com/OklahomaAssociationOfElectricCooperatives?ref=ts&fref=ts,,,,,,,
OAEC Member System,KendallBeck.jpg,Beck,Kendall,,,Manager,9,,http://www.cooksonhills.com/,,OK: Adair~ Cherokee~ Haskell~ LeFlore~ Muskogee~ Pittsburg~ Sequoyah,,,1002 E. Main,Stigler,OK,74462,,800-328-2368,,,,,,,,"Cookson Hills Electric Cooperative, Inc.",,,,,2921,17785,53,6,Distribution,"Cookson Hills Electric Cooperative, Inc."
OAEC Member System,ChrisCariker.jpg,Cariker,Chris,,,Executive VP/CEO,15,,http://www.kamopower.com/,,,,,500 S. KAMO Dr.,Vinita,OK,74301,,918-256-5551,,,,,,,,KAMO Power,,,,http://www.linkedin.com/company/kamo-power,2713,,184,,Generation/Transmission,
OAEC Member System,JackClinkscale.jpg,Clinkscale,Jack,,,Manager,14,,http://www.iecok.com/,,OK: Creek~ Kay~ Noble~ Osage~ Pawnee~ Payne~ Tulsa,,,U.S. Hwy 64 S.,Cleveland,OK,74020,,918-295-9500,,,,,,,,"Indian Electric Cooperative, Inc.",,,,,3629,19423,81,5,Distribution,"Indian Electric Cooperative, Inc."
OAEC Member System,ScottCopeland.jpg,Copeland,Scott,,,Manager,20,,http://www.nfecoop.com/,,OK: Beckham~ Custer~ Dewey~ Greer~ Harmon~ Roger Mills~ Washita,,,301 E. Main,Sayre,OK,73662,,580-928-3366,,,,,,,,"Northfork Electric Cooperative, Inc.",,,https://www.facebook.com/pages/Northfork-Electric-Cooperative-Inc/125649210807367?fref=ts,,2578,6826,38,3,Distribution,"Northfork Electric Cooperative, Inc."
OAEC Member System,AnthonyDue.jpg,Due,Anthony,,,Manager,19,,http://www.neelectric.com/,,OK: Craig~ Delaware~ Mayes~ Nowata~ Ottawa~ Rogers,,,27039 S. 4440 Rd.,Vinita,OK,74301,,918-256-6405,,,,,,,,"Northeast OK Electric Cooperative, Inc.",,,https://www.facebook.com/neokrec,,5294,38712,187,7,Distribution,Northeast Oklahoma Electric Co-op
OAEC Member System,DuncanKooney.jpg,Duncan,Kooney,,,Manager,6,,www.choctawelectric.coop,,OK: Atoka~ Bryan~ Choctaw~ LeFlore~ McCurtain~ Pushmataha,,,Hwy. 93 N.,Hugo,OK,74743,,580-326-6486,,,,,,,,"Choctaw Electric Cooperative, Inc.",,,https://www.facebook.com/pages/Choctaw-Electric-Cooperative/118898534804009,,3569,18495,79,5,Distribution,"Choctaw Electric Cooperative, Inc."
OAEC Member System,MarkFuller.jpg,Fuller,Mark,,,District Manager - Pocola,3,,http://www.avecc.com/,,OK: Adair~ LeFlore~ Sequoyah~ AR: Crawford~ Franklin~ Johnson~ Logan~ Madison~ Newton~ Pope~ Scott~ Sebastian~ Yell,,,1302 S. Pocola Blvd.,Pocola,OK,74902,,800-468-2419,,,,,,,,"Arkansas Valley Electric Cooperative, Corp.",,,https://www.facebook.com/MyEnergyAVECC,,8232,57151,146,7,Distribution,Arkansas Valley Electric Cooperative Corp.
OAEC Member System,GoetzGreg.jpg,Goetz,Greg,,,General Manager/CEO,1,,http://www.alfalfaelectric.coop/,,OK: Alfalfa~ Grant~ Garfield~ Major~ Woods~ KS: Barber~ Harper,,,121 E. Main,Cherokee,OK,73728,,580-596-3333,,,,,,,,"Alfalfa Electric Cooperative, Inc.",,,https://www.facebook.com/AlfalfaElectric,,3255,8225,52,3,Distribution,"Alfalfa Electric Cooperative, Inc."
OAEC Member System,PatrickGrace.jpg,Grace,Patrick,,,CEO/Manager,22,,http://www.okcoop.org/,,OK: Caddo~ Canadian~ Cleveland~ Grady~ McClain~ Oklahoma~ Pottawatomie,,,242 24th Ave. NW,Norman,OK,73069,,405-321-2024,,,,,,,,"Oklahoma Electric Cooperative, Inc.",,https://twitter.com/okcoop,https://www.facebook.com/OklaElec?fref=ts,,5450,52534,132,10,Distribution,Oklahoma Electric Cooperative
OAEC Member System,BrentHartin.jpg,Hartin,Brent,,,CEO,26,,http://www.rrvrea.com/,,OK: Carter~ Jefferson~ Johnston~ Love~ Marshall,,,1003 Memorial Dr.,Marietta,OK,73448,,580-276-3364,,,,,,,,"Red River Valley Rural Electric Association, Inc.",,,https://www.facebook.com/pages/Red-River-Valley-REA/146536385393684?fref=ts,,2715,15672,42,6,Distribution,Red River Valley REA
OAEC Member System,AliceHouston.jpg,Houston,Alice,,,Manager,31,,http://www.vvec.com/,,OK: Nowata~ Osage~ Rogers~ Tulsa~ Washington,,,8901 E. 146th St. N.,Collinsville,OK,74021,,918-371-2584,,,,,,,,"Verdigris Valley Electric Cooperative, Inc.",,,,,4757,36126,95,8,Distribution,Verdigris Valley Electric Cooperative
OAEC Member System,MitchellJohnson.jpg,Johnson,Mitchell,,,President/CEO,24,,http://www.ozarksecc.com/,,OK: Adair~ Cherokee~ Delaware~ Sequoyah~ AR: Benton~ Crawford~ Franklin~ Madison~ Washington,,,Hwy 51 W.,Stilwell,OK,74960,,918-696-7733,,,,,,,,"Ozarks Electric Cooperative, Corp.",,,https://www.facebook.com/OzarksElectric?fref=ts,,6781,68296,195,10,Distribution,Ozarks Electric Co-op Corp.
OAEC Member System,TysonLittau.jpg,Littau,Tyson,,,Manager/CEO,21,,http://www.nwecok.coop/,,OK: Beaver~ Dewey~ Ellis~ Harper~ Major~ Woods~ Woodward,,,2925 Williams Ave.,Woodward,OK,73802,,580-256-7425,,,,,,,,"Northwestern Electric Cooperative, Inc.",,http://twitter.com/nwecok,https://www.facebook.com/pages/Northwestern-Electric-Cooperative/139718627432,,4985,11941,52,2,Distribution,"Northwestern Electric Cooperative, Inc."
OAEC Member System,JenniferMeason.jpg,Meason,Jennifer,,,CEO,10,,http://www.cottonelectric.com/,,OK: Caddo~ Carter~ Comanche~ Cotton~ Grady~ Jefferson~ Stephens~ Tillman,,,226 N. Broadway,Walters,OK,73572,,580-875-3351,,,,,,,,"Cotton Electric Cooperative, Inc.",,http://www.twitter.com/cottonelectric,http://www.facebook.com/cottonelectric,,5151,22104,88,4,Distribution,"Cotton Electric Cooperative, Inc."
OAEC Member System,DaleNye.jpg,Nye,Dale,,,CEO,27,,http://www.recok.coop/,,OK: Carter~ Comanche~ Garvin~ Grady~ McClain~ Stephens,,,N. of Lindsay on Hwy. 76,Lindsay,OK,73052,,405-756-3104,,,,,,,,"Rural Electric Cooperative, Inc.",,,http://www.facebook.com/pages/Rural-Electric-Cooperative-Inc/116401145072740,,2954,11438,49,4,Distribution,"Rural Electric Cooperative, Inc."
OAEC Member System,BrettOrme.jpg,Orme,Brett,,,Executive VP/CEO,17,,http://www.kiamichielectric.org/,,OK: Atoka~ Latimer~ LeFlore~ Pittsburg~ Pushmataha,,,966 S. Hwy 2,Wilburton,OK,74578,,918-465-2338,,,,,,,,"Kiamichi Electric Cooperative, Inc.",,,https://www.facebook.com/pages/Kiamichi-Electric-Cooperative/150931158276424?fref=ts,,4134,21286,45,5,Distribution,"Kiamichi Electric Cooperative, Inc."
OAEC Member System,ClintPack.jpg,Pack,Clint,,,Manager,8,,http://caddoelectric.com/v2/,,OK: Blaine~ Caddo~ Canadian~ Comanche~ Custer~ Grady~ Kiowa~ Washita,,,3 miles W. of Binger,Binger,OK,73009,,405-656-2322,,,,,,,,"CKenergy Electric Cooperative, Inc.",,,,,7725,25230,108,3,Distribution,"CKenergy Electric Cooperative, Inc."
OAEC Member System,CharlesPaxton.jpg,Paxton,Charles,,,General Manager/CEO,13,,http://www.harmonelectric.com/,,OK: Beckham~ Greer~ Harmon~ Jackson~ Kiowa~ TX: Childress~ Hardeman,,,114 N. 1st St.,Hollis,OK,73550,,580-688-3342,,,,,,,,"Harmon Electric Association, Inc.",,,https://www.facebook.com/pages/Harmon-Electric-Association-Inc/154725664575443,,1939,3587,18,2,Distribution,"Harmon Electric Association, Inc."
OAEC Member System,ZacPerkins.jpg,Perkins,Zac,,,CEO,30,,http://www.tcec.coop,,OK: Beaver~ Cimarron~ Texas KS: Clark~ Meade~ Stevens~ portions of Morton & Seward NM: Bada~ Colorado~ Union TX: Dallum~ Hansford~ Lipscomb~ Ochiltree~ Sherman,,,302 E. Glaydas,Hooker,OK,73945,,580-652-2418,,,,,,,,"TCEC, Inc.",,https://twitter.com/TriCountyEC,https://www.facebook.com/tricountyelectric,http://www.linkedin.com/company/tri-county-electric-cooperative?trk=cp_followed_name_tri-county-electric-cooperativ,4937,23467,107,5,Distribution,"Tri-County Elec. Co-op, Inc."
OAEC Member System,WilliamPeters.jpg,Peters,William,,,Chief Executive Officer,2,,http://www.avecc.com/,,OK: Adair~ LeFlore~ Sequoyah~ AR: Crawford~ Franklin~ Johnson~ Logan~ Madison~ Newton~ Pope~ Scott~ Sebastian~ Yell,,,1302 S. Pocola Blvd.,Pocola,OK,74902,,800-468-2419,,,,,,,,"Arkansas Valley Electric Cooperative, Corp.",,,https://www.facebook.com/MyEnergyAVECC,,8282,57781,152,7,Distribution,Arkansas Valley Electric Cooperative Corp.
OAEC Member System,TimRodriguez.jpg,Rodriguez,Tim,,,Manager,16,,http://www.kayelectric.coop/,,OK: Garfield~ Grant~ Kay~ Noble~ Osage,,,300 W. Doolin,Blackwell,OK,74631,,580-363-1260,,,,,,,,"Kay Electric Cooperative, Inc.",,https://twitter.com/kayelectriccoop,http://www.facebook.com/pages/Kay-Electric-Cooperative/277322722408,,2262,5876,53,3,Distribution,Kay Electric Cooperative
OAEC Member System,GaryRoulet.jpg,Roulet,Gary,,,CEO,32,,http://www.wfec.com/,,,,,701 NE 7th St.,Anadarko,OK,73005,,405-247-3351,,,,,,,,Western Farmers Electric Cooperative,,,https://www.facebook.com/pages/Western-Farmers-Electric-Co-Op/168424053168790?fref=ts,,3700,,376,,Generation/Transmission,
OAEC Member System,MarkWSchwirtz.jpg,Schwirtz,Mark,,,President/CEO,12,,http://gsec.coop,,,,,PO Box 9898,Amarillo,TX,79105,,806-379-7766,,,,,,,,"Golden Spread Electric Cooperative, Inc.",,,,,74674,286151,90,4,Generation/Transmission,
OAEC Member System,SimmonsKen.jpg,Simmons,Ken,,,CEO/Manager,29,,http://www.swre.com/,,OK: Comanche~ Greer~ Kiowa~ Jackson~ Tillman~ TX: Archer~ Baylor~ Foard~ Hardeman~ Wichita~ Wilbarger,,,700 N. Broadway,Tipton,OK,73570,,580-667-5281,,,,,,,,"Southwest Rural Electric Association, Inc.",,,,,3075,7835,32,3,Distribution,"Southwest Rural Electric Association, Inc."
OAEC Member System,TimSmith.jpg,Smith,Tim,,,Manager,11,,http://ecoec.com/,,OK: Creek~ McIntosh~ Muskogee~ Okfuskee~ Okmulgee~ Tulsa~ Wagoner,,,Hwy. 75 S.,Okmulgee,OK,74447,,918-756-0833,,,,,,,,"East Central Oklahoma Electric Cooperative, Inc.",,,,,6210,33334,74,5,Distribution,"East Central Oklahoma Electric Cooperative, Inc."
OAEC Member System,MarkSnowden.jpg,Snowden,Mark,,,Manager,7,,http://www.cimarronelectric.com/,,OK: Blaine~ Canadian~ Custer~ Dewey~ Garfield~ Kingfisher~ Logan~ Major~ Oklahoma,,,2 miles N. Hwy 81,Kingfisher,OK,73750,,405-375-4121,,,,,,,,"Cimarron Electric Cooperative, Inc.",,https://twitter.com/CimarronElec,https://www.facebook.com/cimarronelectric.cooperative,,4599,15787,49,3,Distribution,Cimarron Electric Cooperative
OAEC Member System,LarrySpeaks.jpg,Speaks,Larry,,,Manager,28,,http://www.se-coop.com/,,OK: Atoka~ Bryan~ Choctaw~ Coal~ Johnston,,,1514 E. Hwy. 70,Durant,OK,74702,,580-924-2170,,,,,,,,"Southeastern Electric Cooperative, Inc.",,,,,2719,14200,33,5,Distribution,"Southeastern Electric Cooperative, Inc."
OAEC Member System,DavidSwank.jpg,Swank,David,,,CEO,5,,http://www.crec.coop/,,OK: Garfield~ Lincoln~ Logan~ Noble~ Oklahoma~ Pawnee~ Payne,,,3304 Boomer Rd.,Stillwater,OK,74076,,405-372-2884,,,,,,,,Central Electric Cooperative,,https://twitter.com/centralrural,https://www.facebook.com/centralrural,,4304,24593,89,6,Distribution,Central REC
OAEC Member System,HamidVahdatipour.jpg,Vahdatipour,Hamid,,,CEO,18,,http://www.lrecok.coop/,,OK: Adair~ Cherokee~ Delaware~ Mayes~ Muskogee~ Rogers~ Wagoner,,,516 S. Lake Region Rd.,Hulbert,OK,74441,,918-772-2526,,,,,,,,"Lake Region Electric Cooperative, Inc.",,,https://www.facebook.com/pages/Lake-Region-Electric-Cooperative/104838869583328?fref=ts,,3068,24482,72,8,Distribution,"Lake Region Electric Co-op, Inc."
OAEC Member System,ColinWhitley.jpg,Whitley,Colin,,,Manager,4,,http://www.canadianvalley.org/,,OK: Creek~ Hughes~ Lincoln~ McIntosh~ Okfuskee~ Oklahoma~ Pottawatomie~ Seminole,,,11277 S.356,Seminole,OK,74868,,405-382-3680,,,,,,,,"Canadian Valley Electric Cooperative, Inc.",,,,,5243,24331,65,5,Distribution,Canadian Valley Electric Cooperative. Inc.
OAEC Member System,KrisWilliams.jpg,Williams,Kris,,,District Manager - Oklahoma,24,,http://www.ozarksecc.com/,,OK: Adair~ Cherokee~ Delaware~ Sequoyah~ AR: Benton~ Crawford~ Franklin~ Madison~ Washington,,,Hwy 51 W.,Stilwell,OK,74960,,918-696-7733,,,,,,,,"Ozarks Electric Cooperative, Corp.",,,https://www.facebook.com/OzarksElectric?fref=ts,,6766,71580,192,11,Distribution,Ozarks Electric Co-op Corp.
OAEC Member System,KevinWood.jpg,Wood,Kevin,,,Executive VP/CEO,25,,http://www.peopleselectric.coop,,OK: Atoka~ Carter~ Coal~ Garvin~ Hughes~ Johnston~ McClain~ Murray~ Pittsburg~ Pontotoc~ Seminole,,,1600 N. Country Club,Ada,OK,74820,,580-332-3031,,,,,,,,People's Electric Cooperative,,,https://www.facebook.com/PeoplesElectricCooperative?fref=ts,,4866,22137,68,5,Transmission/Distribution,People's Electric Cooperative
Oklahoma House,BabinecGreg.jpg,Babinec,Greg,33,R,,,greg.babinec@okhouse.gov,,2028,Logan~ Payne,General Government Oversight & Accountability~ Judiciary,Public Safety,2300 N. Lincoln Blvd.,Oklahoma City,OK,73105,302B,405-557-7304,,Cushing,,,,Rynae Blassingame,,,,,,,,,,,,
Oklahoma House,BakerRhonda.jpg,Baker,Rhonda,60,R,,,rhonda.baker@okhouse.gov,,2028,Caddo~ Canadian,"Children, Youth & Family Services~ Judiciary",Education,2300 N. Lincoln Blvd.,Oklahoma City,OK,73105,202A,405-557-7311,,Yukon,,,,Megan.Jackson,,,,,,,,,,,,
Oklahoma House,BennettJohn.jpg,Bennett,John,2,R,,,john.bennett@okhouse.gov ,,2022,Sequoyah,Appropriations & Budget~ Wildlife~ Veterans & Military Affairs,Public Safety (Chair),2300 N. Lincoln Blvd.,Oklahoma City,OK,73105,301A,405-557-7315,,Sallisaw,,,,Martha Perry,,,,,,,,,,,,
Oklahoma House,BennettForrest.jpg,Bennett,Forrest,92,D,,,forrest.bennett@okhouse.gov,,2028,Oklahoma,Administrative Rules~ Banking & Business~ Utilities,Transportation,2300 N. Lincoln Blvd.,Oklahoma City,OK,73105,539B,405-557-7404,,Oklahoma City,,,,Connie Riley,,,,,,,,,,,,
Oklahoma House,BlancettMeloyde.jpg,Blancett,Meloyde,78,D,,,meloyde.blancett@okhouse.gov,,2028,Tulsa,Banking & Business~ Rules,,2300 N. Lincoln Blvd.,Oklahoma City,OK,73105,510,405-557-7334,,Tulsa,,,,Beth Lott,,,,,,,,,,,,
Oklahoma House,BushCarol.jpg,Bush,Carol,70,R,,,carol.bush@okhouse.gov,,2028,Tulsa,"Children, Youth & Family Services~ Health Services & Long-Term Care (Vice Chair)~ Public Health",Finance,2300 N. Lincoln Blvd.,Oklahoma City,OK,73105,204A,405-557-7359,,Tulsa,,,,Jan Tupps,,,,,,,,,,,,
Oklahoma House,CaldwellChad.jpg,Caldwell,Chad,40,R,,,chad.caldwell@okhouse.gov,,2026,Garfield,Appropriations & Budget~ Common Education~ Insurance,Health (Chair),2300 N. Lincoln Blvd.,Oklahoma City,OK,73105,332,405-557-7317,,Enid,,,,Kate Caudill,,,,,,,,,,,,
Oklahoma House,CalveyKevin.jpg,Calvey,Kevin,82,R,,,kevin.calvey@okhouse.gov,,2018,Oklahoma,Appropriations & Budget~ General Government Oversight & Accountability~ Judiciary,Judiciary (Chair),2300 N. Lincoln Blvd.,Oklahoma City,OK,73105,435,405-557-7357,,Oklahoma City,,,,Charlotte Maughan,,,,,,,,,,,,
Oklahoma House,CannadayEd.jpg,Cannaday,Ed,15,D,,,ed.cannaday@okhouse.gov ,,2018,Haskell~ LeFlore~ McIntosh~ Muskogee~ Pittsburg~ Sequoyah,Administrative Rules~ Common Education~ Wildlife,Education,2300 N. Lincoln Blvd.,Oklahoma City,OK,73105,546,405-557-7375,,Porum,,,,Jacklyn Brink-Rosen,,,,,,,,,,,,
Oklahoma House,CaseyDennis.jpg,Casey,Dennis,35,R,,,dennis.casey@okhouse.gov ,,2022,Creek~ Noble~ Osage~ Pawnee~ Payne,Agriculture & Rural Development~ Appropriations & Budget (Vice Chair)~ Common Education,,2300 N. Lincoln Blvd.,Oklahoma City,OK,73105,331,405-557-7344,,Morrison,,,,Vickie Thomas,,,,,,,,,,,,
Oklahoma House,ClevelandBobby.jpg,Cleveland,Bob,20,R,,,bob.cleveland@okhouse.gov ,,2024,Cleveland~ Garvin~ McClain~ Pottawatomie,Elections & Ethics~ Government Modernization,Public Safety (Chair),2300 N. Lincoln Blvd.,Oklahoma City,OK,73105,434,405-557-7308,,Lexington,,,,Carla Ray,,,,,,,,,,,,
Oklahoma House,CockroftJosh.jpg,Cockroft,Josh,27,R,,,josh.cockroft@okhouse.gov ,,2022,Cleveland~ Pottawatomie,Appropriations & Budget~ Rules (Chair)~ Transportation,Natural Resources & Regulatory Services,2300 N. Lincoln Blvd.,Oklahoma City,OK,73105,408,405-557-7349,,Tecumseh,,,,Patti Muzny,,,,,,,,,,,,
Oklahoma House,ConditDonnie.jpg,Condit,Donnie,18,D,,,donnie.condit@okhouse.gov ,,2022,Coal~ Hughes~ McIntosh~ Pittsburg,Common Education~ Elections & Ethics~ Energy & Natural Resources,Public Safety,2300 N. Lincoln Blvd.,Oklahoma City,OK,73105,502,405-557-7376,,McAlester,,,,Leslie Smith-Haddad,,,,,,,,,,,,
Oklahoma House,CoodyJeff.jpg,Coody,Jeff,63,R,,,jeff.coody@okhouse.gov,,2026,Comanche~ Tillman,Agriculture & Rural Development~ Insurance~ Wildlife (Chair) ,Natural Resources & Regulatory Services,2300 N. Lincoln Blvd.,Oklahoma City,OK,73105,337,405-557-7307,,Grandfield,,,,Riley Akin,,,,,,,,,,,,
Oklahoma House,DerbyDale.jpg,Derby,Dale,74,R,,,dale.derby@okhouse.gov,,2028,Rogers~ Tulsa,Health Services & Long-Term Care~ Public Health,Health (Vice Chair),2300 N. Lincoln Blvd.,Oklahoma City,OK,73105,500,405-557-7377,,Owasso,,,,Glenda Johnson,,,,,,,,,,,,
Oklahoma House,DollensMickey.jpg,Dollens,Mickey,93,D,,,mickey.dollens@okhouse.gov,,2028,Oklahoma,Common Education~ Government Modernization,Health~ Select Agencies,2300 N. Lincoln Blvd.,Oklahoma City,OK,73105,510B,405-557-7371,,Oklahoma City,,,,Joshua Till,,,,,,,,,,,,
Oklahoma House,DowningTim.jpg,Downing,Tim,42,R,,,tim.downing@okhouse.gov,,2028,Garvin~ McClain,Energy & Natural Resources~ Judiciary (Vice Chair)~ Utilities,Transportation,2300 N. Lincoln Blvd.,Oklahoma City,OK,73105,300A,405-557-7365,,Purcell,,,,Patricia Timberlake,,,,,,,,,,,,
Oklahoma House,DunlapTravis.jpg,Dunlap,Travis,10,R,,,travis.dunlap@okhouse.gov,,2026,Nowata~ Osage~ Washington,"Children, Youth & Family Services (Chair)~ Energy & Natural Resources~ Higher Education & Career Tech",Human Services,2300 N. Lincoln Blvd.,Oklahoma City,OK,73105,250,405-557-7402,,Bartlesville,,,,Nicole Gensman,,,,,,,,,,,,
Oklahoma House,DunningtonJason.jpg,Dunnington,Jason,88,D,,,jason.dunnington@okhouse.gov,,2026,Oklahoma,Appropriations & Budget~ Higher Education & Career Tech~ Banking & Business~ Energy & Natural Resources,,2300 N. Lincoln Blvd.,Oklahoma City,OK,73105,539,405-557-7396,,Oklahoma City,,,,Meagan Hansen,,,,https://twitter.com/jdunnington,https://www.facebook.com/VoteJasonDunnington,,,,,,,
Oklahoma House,EcholsJon.jpg,Echols,Jon,90,R,Majority Floor Leader,3,jon.echols@okhouse.gov ,,2024,Cleveland~ Oklahoma,Appropriations & Budget~ Rules,,2300 N. Lincoln Blvd.,Oklahoma City,OK,73105,442,405-557-7354,,Oklahoma City,,,,Kaye Beach,,,,,,,,,,,,
Oklahoma House,EnnsJohn.jpg,Enns,John,41,R,,,john.enns@okhouse.gov ,,2018,Canadian~ Garfield~ Kingfisher~ Oklahoma,Agriculture & Rural Development~ Health Services & Long-Term Care (Chair)~ Veterans & Military Affairs,Public Safety,2300 N. Lincoln Blvd.,Oklahoma City,OK,73105,440,405-557-7321,,Enid,,,,Chloe Fuksa,,,,,,,,,,,,
Oklahoma House,FaughtGeorge.jpg,Faught,George,14,R,,,george.faught@okhouse.gov,,2020,Cherokee~ Muskogee,Insurance~ General Government Oversight & Accountability (Chair)~ Utilities,Natural Resources & Regulatory Services,2300 N. Lincoln Blvd.,Oklahoma City,OK,73105,301B,405-557-7310,,Muskogee,,,,Jessica McClung,,,,,,,,,,,,
Oklahoma House,FetgatterScott.jpg,Fetgatter,Scott,16,R,,,scott.fetgatter@okhouse.gov,,2028,Muskogee~ Okmulgee~ Tulsa~ Wagoner,County & Municipal Government~ Public Safety~ Wildlife (Vice Chair),Human Services,2300 N. Lincoln Blvd.,Oklahoma City,OK,73105,248A,405-557-7373,,Okmulgee,,,,Jordan Holt,,,,,,,,,,,,
Oklahoma House,FordRoss.jpg,Ford,Ross,76,R,,,ross.ford@okhouse.gov,,2029,Tulsa,"Children, Youth & Family Services~ Public Safety~ Transportation",Education,2300 N. Lincoln Blvd.,Oklahoma City,OK,73105,400B,405-557-7347,,Broken Arrow,,,,Linda Hanks,,,,,,,,,,,,
Oklahoma House,FordRoger.jpg,Ford,Roger,95,R,,,roger.ford@okhouse.gov,,2028,Oklahoma,"Children, Youth & Family Services (Vice Chair)~ General Government Oversight & Accountability~ Higher Education & Career Tech",Education~ Select Agencies,2300 N. Lincoln Blvd.,Oklahoma City,OK,73105,301,405-557-7314,,Midwest City,,,,Erin Pratt,,,,,,,,,,,,
Oklahoma House,FourkillerWilliam.jpg,Fourkiller,Will,86,D,,,will.fourkiller@okhouse.gov ,,2022,Adair~ Cherokee~ Delaware,Health Services & Long-Term Care~ Public Health~ Utilities~ Wildlife,,2300 N. Lincoln Blvd.,Oklahoma City,OK,73105,542,405-557-7394,,Stilwell,,,,Leslie Smith-Haddad,,,,,,,,,,,,
Oklahoma House,FrixAveryCarl.jpg,Frix,Avery,13,R,,,avery.frix@okhouse.gov,,2028,McIntosh~ Muskogee,Banking & Business~ Judiciary~ Energy & Natural Resources,Transportation (Vice Chair),2300 N. Lincoln Blvd.,Oklahoma City,OK,73105,328B,405-557-7302,,Muskogee,,,,Gina Kanelopoulos,,,,,,,,,,,,
Oklahoma House,GaddisKaren.jpg,Gaddis,Karen,75,D,,,karen.gaddis@okhouse.gov,,2029,Tulsa,Health Services & Long-Term Care~ Higher Education & Career Tech~ Transportation,Education,2300 N. Lincoln Blvd.,Oklahoma City,OK,73105,328,405-557-7356,,Tulsa,,,,Lyle Walters,,,,,,,,,,,,
Oklahoma House,GannTom.jpg,Gann,Tom,8,R,,,tom.gann@okhouse.gov,,2028,Mayes~ Rogers~ Wagoner,Government Modernization (Vice Chair)~ Common Education~ County & Municipal Government,Natural Resources & Regulatory Services,2300 N. Lincoln Blvd.,Oklahoma City,OK,73105,301,405-557-7364,,Inola,,,,Glenda Johnson,,,,,,,,,,,,
Oklahoma House,GoodwinRegina.jpg,Goodwin,Regina,73,D,,,regina.goodwin@okhouse.gov,,2028,Osage~ Tulsa,Banking & Business~ County & Municipal Government,Education~ Transportation,2300 N. Lincoln Blvd.,Oklahoma City,OK,73105,508,405-557-7406,,Tulsa,,,,Carrie Black,,,,,,,,,,,,
Oklahoma House,GriffithClaudia.jpg,Griffith,Claudia,45,D,,,claudia.griffith@okhouse.gov,,2026,Cleveland,Government Modernization~ Veterans & Military Affairs,Finance~ Health,2300 N. Lincoln Blvd.,Oklahoma City,OK,73105,506,405-557-7386,,Norman,,,,Tanisha Woods,,,,,,,,,,,,
Oklahoma House,HallElise.jpg,Hall,Elise,100,R,Republican Caucus Chair,9,elise.hall@okhouse.gov ,,2022,Oklahoma,Appropriations & Budget~ Banking & Business (Chair)~ Judiciary~ Rules,,2300 N. Lincoln Blvd.,Oklahoma City,OK,73105,200,405-557-7403,,Oklahoma City,,,,Karlita Manger,,,,,,,,,,,,
Oklahoma House,HardinTommy.jpg,Hardin,Tommy,49,R,,,tommy.hardin@okhouse.gov ,,2022,Carter~ Love~ Marshall,Veterans & Military Affairs (Chair)~ Utilities~ Wildlife,Human Services,2300 N. Lincoln Blvd.,Oklahoma City,OK,73105,336,405-557-7383,,Madill,,,,Saprina Crosthwait,,,,,,,,,,,,
Oklahoma House,HenkeKatie.jpg,Henke,Katie,71,R,Floor Leader,5,katie.henke@okhouse.gov ,,2024,Tulsa,Common Education~ Higher Education & Career Tech,Education~,2300 N. Lincoln Blvd.,Oklahoma City,OK,73105,244,405-557-7361,,Tulsa,,,,Ashley Stuart,,,,,,,,,,,,
Oklahoma House,HilbertKyle.jpg,Hilbert,Kyle,29,R,,,kyle.hilbert@okhouse.gov,,2028,Creek~ Tulsa,"Children, Youth & Family Services~ County & Municipal Government~ Higher Education & Career Tech",Finance~ Select Agencies (Vice Chair),2300 N. Lincoln Blvd.,Oklahoma City,OK,73105,330,405-557-7353,,Depew,,,,Alecia Shannon,,,,,,,,,,,,
Oklahoma House,HoskinChuck.jpg,Hoskin,Chuck,6,D,,,chuck.hoskin@okhouse.gov ,,2018,Craig~ Mayes~ Rogers,Transportation~ Veterans & Military Affairs,General Government,2300 N. Lincoln Blvd.,Oklahoma City,OK,73105,509,405-557-7319,,Vinita,,,,Justin Scrimshire,,,,,,,,,,,,
Oklahoma House,HumphreyJustin.jpg,Humphrey,Justin ,19,R,,,justin.humphrey@okhouse.gov,,2028,Atoka~ Bryan~ Choctaw~ Pushmataha,County & Municipal Government (Vice Chair)~ Judiciary~ Public Safety,Human Services,2300 N. Lincoln Blvd.,Oklahoma City,OK,73105,329B,405-557-7382,,Lane,,,,LaToya Alexander,,,,,,,,,,,,
Oklahoma House,InmanScott.jpg,Inman,Scott,94,D,,,scott.inman@okhouse.gov ,,2018,Oklahoma,Appropriations & Budget~ Energy & Natural Resources~ Veterans & Military Affairs,,2300 N. Lincoln Blvd.,Oklahoma City,OK,73105,548,405-557-7370,,Del City,,,,Whitley O'Connor,,,,,,,,,,,,
Oklahoma House,JordanJP.jpg,Jordan,John Paul,43,R,,,jp.jordan@okhouse.gov,,2026,Canadian,Administrative Rules (Chair)~ Appropriations & Budget~ Judiciary,Judiciary,2300 N. Lincoln Blvd.,Oklahoma City,OK,73105,410,405-557-7352,,Yukon,,,,Kaley Stewart,,,,,,,,,,,,
Oklahoma House,KannadyChris.jpg,Kannady,Chris,91,R,,,chris.kannady@okhouse.gov,,2026,Cleveland,Appropriations & Budget~ Judiciary (Chair)~ Energy & Natural Resources~ Health Services & Long-Term Care,Judiciary,2300 N. Lincoln Blvd.,Oklahoma City,OK,73105,246,405-557-7337,,Oklahoma City,,,,Zach Swift,,,,,,,,,,,,
Oklahoma House,KerbsDell.jpg,Kerbs,Dell,26,R,,,dell.kerbs@okhouse.gov,,2028,Pottawatomie,Elections & Ethics (Vice Chair)~ Agriculture & Rural Development~ Wildlife,Transportation,2300 N. Lincoln Blvd.,Oklahoma City,OK,73105,334,405-557-7345,,Shawnee,,,,Joyce Butler,,,,,,,,,,,,
Oklahoma House,KouplenSteve.jpg,Kouplen,Steve,24,D,Minority Leader,10,steve.kouplen@okhouse.gov ,,2020,Hughes~ Okfuskee~ Okmulgee,Appropriations & Budget~ Agriculture & Rural Development~ Energy & Natural Resources~ Rules,,2300 N. Lincoln Blvd.,Oklahoma City,OK,73105,541,405-557-7306,,Beggs,,,,Kandi Hoehner,,,,,,,,,,,,
Oklahoma House,LawsonMark.jpg,Lawson,Mark,30,R,,,mark.lawson@okhouse.gov,,2028,Creek~ Tulsa,"Children, Youth & Family Services~ County & Municipal Government~ Public Health",General Government~ Human Services (Vice Chair),2300 N. Lincoln Blvd.,Oklahoma City,OK,73105,300B,405-557-7414,,Sapulpa,,,,Martha Perry,,,,,,,,,,,,
Oklahoma House,LepakMark.jpg,Lepak,Mark,9,R,,,mark.lepak@okhouse.gov,,2026,Rogers,Appropriations & Budget~ County & Municipal Government~ Government Modernization~ Public Safety,Select Agencies (Chair),2300 N. Lincoln Blvd.,Oklahoma City,OK,73105,328A,405-557-7380,,Claremore,,,,Charlene Hines,,,,,,,,,,,,
Oklahoma House,LoringBen.jpg,Loring,Ben,7,D,,,ben.loring@okhouse.gov,,2026,Delaware~ Ottawa,Appropriations & Budget~ County & Municipal Government~ Judiciary~ Public Safety,,2300 N. Lincoln Blvd.,Oklahoma City,OK,73105,503,405-557-7399,,Miami,,,,Louise Aldridge,,,,,,,,,,,,
Oklahoma House,LoweJason.jpg,Lowe,Jason,97,D,,,jason.lowe@okhouse.gov,,2028,Oklahoma,Transportation~ Utilities~ Elections & Ethics,Judiciary,2300 N. Lincoln Blvd.,Oklahoma City,OK,73105,510B,405-557-7367,,Oklahoma City,,,,Joshua Till,,,,,,,,,,,,
Oklahoma House,MartinezRyan.jpg,Martinez,Ryan,39,R,,,ryan.martinez@okhouse.gov,,2028,Oklahoma,Transportation (Vice Chair)~ Administrative Rules~ Banking & Business,Transportation,2300 N. Lincoln Blvd.,Oklahoma City,OK,73105,338,405-557-7342,,Edmond,,,,Stefne Miller,,,,,,,,,,,,
Oklahoma House,McBrideMark.jpg,McBride,Mark,53,R,,,mark.mcbride@okhouse.gov ,,2024,Cleveland,Energy & Natural Resources (Vice Chair)~ Banking & Business~ Utilities,Select Agencies ,2300 N. Lincoln Blvd.,Oklahoma City,OK,73105,433B,405-557-7346,,Moore,,,,Julie Jackson,,,,,,,,,,,,
Oklahoma House,McCallCharles.jpg,McCall,Charles,22,R,Speaker of the House,1,charles.mccall@okhouse.gov ,,2024,Atoka~ Garvin~ Johnston~ Murray,,,2300 N. Lincoln Blvd.,Oklahoma City,OK,73105,401,405-557-7412,,Atoka,,,,Nitasha Devan,,,,,,,,,,,,
Oklahoma House,McDanielRandy.jpg,McDaniel,Randy,83,R,,,randy.mcdaniel@okhouse.gov ,,2018,Oklahoma,Banking & Business (Chair Emeritus)~ Elections & Ethics,Transportation,2300 N. Lincoln Blvd.,Oklahoma City,OK,73105,438,405-557-7409,,Edmond,,,,Rachel Harrison,,,,,,,,,,,,
Oklahoma House,McDugleKevin.jpg,McDugle,Kevin,12,R,,,kevin.mcdugle@okhouse.gov,,2028,Wagoner,General Government Oversight & Accountability (Vice Chair)~ Banking & Business~ Public Safety,Natural Resources & Regulatory Services,2300 N. Lincoln Blvd.,Oklahoma City,OK,73105,242B,405-557-7388,,Broken Arrow,,,,Lelia Rousselot,,,,,,,,,,,,
Oklahoma House,McEachinScott.jpg,McEachin,Scott,67,R,,,scott.mceachin@okhouse.gov,,2028,Tulsa,Banking & Business (Vice Chair)~ Administrative Rules~ Health Services & Long-Term Care,Education,2300 N. Lincoln Blvd.,Oklahoma City,OK,73105,409,405-557-7341,,Tulsa,,,,Krista Reppond,,,,,,,,,,,,
Oklahoma House,McEntireMarcus.jpg,McEntire,Marcus,50,R,,,marcus.mcentire@okhouse.gov,,2028,Jefferson~ Stephens,Insurance (Vice Chair)~ Public Health~ Transportation,Finance,2300 N. Lincoln Blvd.,Oklahoma City,OK,73105,204B,405-557-7327,,Duncan,,,,Jan Tupps,,,,,,,,,,,,
Oklahoma House,MeredithMatt.jpg,Meredith,Matt,4,D,,,matt.meredith@okhouse.gov,,2028,Cherokee,Agriculture & Rural Development~ Insurance,Natural Resources & Regulatory Services~ Public Safety,2300 N. Lincoln Blvd.,Oklahoma City,OK,73105,539B,405-557-7408,,Hulbert,,,,Connie Riley,,,,,,,,,,,,
Oklahoma House,MontgomeryJohn.jpg,Montgomery,John Michael,62,R,,,john.montgomery@okhouse.gov,,2026,Comanche,Banking & Business~ Judiciary~ Utilities,Finance (Vice Chair),2300 N. Lincoln Blvd.,Oklahoma City,OK,73105,304,405-557-7374,,Lawton,,,,Debbie Taylor,,,,,,,,,,,,
Oklahoma House,MooreLewis.jpg,Moore,Lewis,96,R,,,lewis.moore@okhouse.gov ,,2020,Oklahoma,Insurance (Chair)~ Elections & Ethics~ Transportation,Judiciary,2300 N. Lincoln Blvd.,Oklahoma City,OK,73105,329,405-557-7400,,Arcadia,,,,Denise Crosswhite Hader,,,,,,,,,,,,
Oklahoma House,MulreadyGlen.jpg,Mulready,Glen,68,R,Leader Emeritus,7,glen.mulready@okhouse.gov ,,2022,Creek~ Tulsa,Banking & Business~ Insurance,Health,2300 N. Lincoln Blvd.,Oklahoma City,OK,73105,200,405-557-7340,,Tulsa,,,,Karlita Manger,,,,,,,,,,,,
Oklahoma House,MunsonCyndi.jpg,Munson,Cyndi,85,D,,,cyndi.munson@okhouse.gov,,2028,Oklahoma,"Children, Youth & Family Services~ General Government Oversight & Accountability",Human Services~ Natural Resources & Regulatory Services,2300 N. Lincoln Blvd.,Oklahoma City,OK,73105,539,405-557-7392,,Oklahoma City,,,,Meagan Hansen,,,,,,,,,,,,
Oklahoma House,MurdockCasey.jpg,Murdock,Casey,61,R,,,casey.murdock@okhouse.gov,,2026,Beaver~ Cimarron~ Ellis~ Harper~ Texas~ Woodward,Utilities (Vice Chair)~ Agriculture & Rural Development~ Transportation,Transportation,2300 N. Lincoln Blvd.,Oklahoma City,OK,73105,303A,405-557-7384,,Felt,,,,Christine Northrup,,,,,,,,,,,,
Oklahoma House,MurpheyJason.jpg,Murphey,Jason,31,R,,,jason.murphey@okhouse.gov ,,2018,Logan~ Oklahoma,Government Modernization (Chair)~ Administrative Rules~ General Government Oversight & Accountability,General Government,2300 N. Lincoln Blvd.,Oklahoma City,OK,73105,432D,405-557-7350,,Guthrie,,,,Sarah Spencer,,,,,,,,,,,,
Oklahoma House,NewtonCarl.jpg,Newton,Carl,58,R,,,carl.newton@okhouse.gov,,2028,Alfalfa~ Major~ Woods~ Woodward,Higher Education & Career Tech~ Judiciary~ Public Safety,Natural Resources & Regulatory Services (Vice Chair),2300 N. Lincoln Blvd.,Oklahoma City,OK,73105,300,405-557-7339,,Cherokee,,,,Rose McFall,,,,,,,,,,,,
Oklahoma House,NicholsMonroe.jpg,Nichols,Monroe,72,D,,,monroe.nichols@okhouse.gov,,2028,Tulsa,Energy & Natural Resources,Education~ General Government~ Human Services,2300 N. Lincoln Blvd.,Oklahoma City,OK,73105,505,405-557-7391,,Tulsa,,,,Toni Doake,,,,,,,,,,,,
Oklahoma House,NollanJadine.jpg,Nollan,Jadine,66,R,,,jadine.nollan@okhouse.gov ,,2022,Osage~ Tulsa,"Higher Education & Career Tech (Chair)~ Children, Youth & Family Services~ Common Education",Education,2300 N. Lincoln Blvd.,Oklahoma City,OK,73105,407,405-557-7390,,Sand Springs,,,,Sandy Cunningham,,,,,,,,,,,,
Oklahoma House,O'DonnellTerry.jpg,O'Donnell,Terry,23,R,Majority Whip,6,terry.odonnell@okhouse.gov,,2024,Rogers~ Tulsa~ Wagoner,Appropriations & Budget~ Judiciary~ Rules~ Transportation,,2300 N. Lincoln Blvd.,Oklahoma City,OK,73105,433,405-557-7379,,Catoosa,,,,Kathy Hubbart,,,,,,,,,,,,
Oklahoma House,OrtegaCharles.jpg,Ortega,Charles,52,R,,,charles.ortega@okhouse.gov ,,2020,Greer~ Harmon~ Jackson~ Kiowa,Appropriations & Budget~ Banking & Business~ Insurance,General Government (Chair),2300 N. Lincoln Blvd.,Oklahoma City,OK,73105,305A,405-557-7369,,Altus,,,,Vickie Thomas,,,,,,,,,,,,
Oklahoma House,OsbornLeslie.jpg,Osborn,Leslie,47,R,,,leslie.osborn@okhouse.gov ,,2020,Canadian~ Grady,Appropriations & Budget (Chair Emeritus)~ Agriculture & Rural Development~ Judiciary~ Wildlife,,2300 N. Lincoln Blvd.,Oklahoma City,OK,73105,246,405-557-7333,,Mustang,,,,Zack Swift,,,,,,,,,,,,
Oklahoma House,OsburnMike.jpg,Osburn,Mike,81,R,,,mike.osburn@okhouse.gov,,2028,Oklahoma,Common Education~ Government Modernization~ Rules,Judiciary (Vice Chair),2300 N. Lincoln Blvd.,Oklahoma City,OK,73105,338,405-557-7360,,Edmond,,,,Stefne Miller,,,,,,,,,,,,
Oklahoma House,OwnbeyPat.jpg,Ownbey,Pat,48,R,,,pat.ownbey@okhouse.gov ,,2020,Carter~ Garvin~ Murray,"Appropriations & Budget~ Children, Youth & Family Services~ Public Safety",Human Services (Chair),2300 N. Lincoln Blvd.,Oklahoma City,OK,73105,328,405-557-7326,,Ardmore,,,,Sonya Barker,,,,,,,,,,,,
Oklahoma House,ParkScooter.jpg,Park,Scooter,65,R,,,scooter.park@okhouse.gov,,2026,Caddo~ Comanche~ Cotton~ Grady~ Stephens,Agriculture & Rural Development (Chair)~ Energy & Natural Resources~ Wildlife,General Government,2300 N. Lincoln Blvd.,Oklahoma City,OK,73105,303B,405-557-7305,,Devol,,,,Kathy McCurley,,,,,,,,,,,,
Oklahoma House,PerrymanDavid.jpg,Perryman,David,56,D,Minority Floor Leader,11,david.perryman@okhouse.gov ,,2024,Caddo~ Grady~ Kiowa,Banking & Business~ Judiciary~ Rules~ Utilities,,2300 N. Lincoln Blvd.,Oklahoma City,OK,73105,540,405-557-7401,,Chickasha,,,,Abigail Weigand,,,,,,,,,,,,
Oklahoma House,PfeifferJohn.jpg,Pfeiffer,John,38,R,Floor Leader,4,john.pfeiffer@okhouse.gov,,2026,Garfield~ Grant~ Kay~ Logan~ Noble,Appropriations & Budget~ Agriculture & Rural Development~ Energy & Natural Resources,Natural Resources & Regulatory Services (Chair),2300 N. Lincoln Blvd.,Oklahoma City,OK,73105,244,405-557-7332,,Orlando,,,,Ashley Stuart,,,,,,,,,,,,
Oklahoma House,ProctorEric.jpg,Proctor,Eric,77,D,,,eric.proctor@okhouse.gov ,,2018,Rogers~ Tulsa,Appropriations & Budget~ Banking & Business~ Energy & Natural Resources~ Transportation,,2300 N. Lincoln Blvd.,Oklahoma City,OK,73105,540A,405-557-7410,,Tulsa,,,,Abigail Weigand,,,,,,,,,,,,
Oklahoma House,RenegarBrian.jpg,Renegar,Brian,17,D,,,brian.renegar@okhouse.gov ,,2018,Latimer~ LeFlore~ Pittsburg,Agriculture & Rural Development~ Public Safety~ Wildlife,Natural Resources & Regulatory Services,2300 N. Lincoln Blvd.,Oklahoma City,OK,73105,504,405-557-7381,,McAlester,,,,Louise Aldridge,,,,,,,,,,,,
Oklahoma House,RitzeMike.jpg,Ritze,Mike,80,R,,,mike.ritze@okhouse.gov ,,2020,Tulsa~ Wagoner,Public Health (Chair)~ Public Safety~ Transportation,Health,2300 N. Lincoln Blvd.,Oklahoma City,OK,73105,436,405-557-7338,,Broken Arrow,,,,Natasha Holliday,,,,,,,,,,,,
Oklahoma House,RobertsDustin.jpg,Roberts,Dustin,21,R,,,dustin.roberts@okhouse.gov ,,2022,Bryan,Appropriations & Budget~ Common Education~ County & Municipal Government,Transportation (Chair),2300 N. Lincoln Blvd.,Oklahoma City,OK,73105,303,405-557-7366,,Durant,,,,Christine Northrip,,,,,,,,,,,,
Oklahoma House,RobertsSean.jpg,Roberts ,Sean,36,R,,,sean.roberts@okhouse.gov ,,2022,Osage~ Tulsa,County & Municipal Government (Chair)~ Public Health (Vice Chair)~ Insurance,Health,2300 N. Lincoln Blvd.,Oklahoma City,OK,73105,250,405-557-7322,,Hominy,,,,Laura Hickman,,,,,,,,,,,,
Oklahoma House,RogersMichael.jpg,Rogers,Michael,98,R,,,michael.rogers@okhouse.gov,,2026,Tulsa~ Wagoner,Common Education (Chair)~ Banking & Business~ Judiciary,Health,2300 N. Lincoln Blvd.,Oklahoma City,OK,73105,302,405-557-7362,,Broken Arrow,,,,Jacob Musgrave,,,,,,,,,,,,
Oklahoma House,RosecrantsJacob.jpg,Rosecrants,Jacob,46,D,,,jacob.rosecrants@okhouse.gov,,2029,Cleveland,"Children, Youth & Family Services~ Insurance~ Public Safety",Education,2300 N. Lincoln Blvd.,Oklahoma City,OK,73105,441,405-557-7329,,Norman,,,,Lyle Walters,,,,,,,,,,,,
Oklahoma House,RussTodd.jpg,Russ,Todd,55,R,,,todd.russ@okhouse.gov ,,2022,Beckham~ Greer~ Kiowa~ Roger Mills~ Washita,Appropriations & Budget~ Energy & Natural Resources,Education (Chair)~ General Government,2300 N. Lincoln Blvd.,Oklahoma City,OK,73105,406,405-557-7312,,Cordell,,,,Jordan Johnston,,,,,,,,,,,,
Oklahoma House,SandersMike.jpg,Sanders,Mike,59,R,Majority Leader,8,mike.sanders@okhouse.gov ,,2020,Blaine~ Canadian~ Dewey~ Kingfisher~ Woodward,Appropriations & Budget~ Agriculture & Rural Development~ Banking & Business~ Energy & Natural Resources~ Utilities,,2300 N. Lincoln Blvd.,Oklahoma City,OK,73105,205,405-557-7407,,Kingfisher,,,,Cheri Snipes,,,,,,,,,,,,
Oklahoma House,SearsEarl.jpg,Sears,Earl,11,R,,,earl.sears@okhouse.gov ,,2018,Rogers~ Tulsa~ Washington,Appropriations & Budget~ Banking & Business~ Higher Education & Career Tech,Finance (Chair),2300 N. Lincoln Blvd.,Oklahoma City,OK,73105,439,405-557-7358,,Bartlesville,,,,Lindsey Hutcheson,,,,,,,,,,,,
Oklahoma House,StoneShane.jpg,Stone,Shane,89,D,,,shane.stone@okhouse.gov,,2026,Oklahoma,Appropriations & Budget~ Administrative Rules~ Insurance,Select Agencies,2300 N. Lincoln Blvd.,Oklahoma City,OK,73105,545,405-557-7397,,Oklahoma City,,,,Jacklyn Brink-Rosen,,,,,,,,,,,,
Oklahoma House,StrohmChuck.jpg,Strohm,Chuck,69,R,,,chuck.strohm@okhouse.gov,,2026,Tulsa,Elections & Ethics (Chair)~ Common Education~ Energy & Natural Resources~ Government Modernization,Education (Vice Chair),2300 N. Lincoln Blvd.,Oklahoma City,OK,73105,302A,405-557-7331,,Jenks,,,,Lacy Skrapka,,,,,,,,,,,,
Oklahoma House,TadlockJohnny.jpg,Tadlock,Johnny,1,D,,,johnny.tadlock@okhouse.gov,,2026,LeFlore~ McCurtain,Agriculture & Rural Development~ County & Municipal Government~ General Government Oversight & Accountability~ Judiciary,,2300 N. Lincoln Blvd.,Oklahoma City,OK,73105,501,405-557-7363,,Idabel,,,,Leslie Smith-Haddad,,,,,,,,,,,,
Oklahoma House,TaylorZack.jpg,Taylor,Zack,28,R,,,zack.taylor@okhouse.gov,,2029,Pottawatomie~ Seminole,Banking & Business~ Energy & Natural Resources~ Rules~ Utilities,General Government (Vice Chair),2300 N. Lincoln Blvd.,Oklahoma City,OK,73105,335,405-557-7372,,Seminole,,,,Hunter Zearley,,,,,,,,,,,,
Oklahoma House,TeagueTess.jpg,Teague,Tess,101,R,,,tess.teague@okhouse.gov,,2028,Oklahoma,Administrative Rules (Vice Chair)~ Banking & Business~ Transportation,Select Agencies,2300 N. Lincoln Blvd.,Oklahoma City,OK,73105,329A,405-557-7395,,Choctaw,,,,Lori Broerse,,,,,,,,,,,,
Oklahoma House,ThomsenTodd.jpg,Thomsen,Todd,25,R,,,todd.thomsen@okhouse.gov ,,2018,Pontotoc,Utilities (Chair)~ Common Education~ Energy & Natural Resources,Education,2300 N. Lincoln Blvd.,Oklahoma City,OK,73105,437,405-557-7336,,Ada,,,,Linda James,,,,,,,,,,,,
Oklahoma House,,VACANT,Special Election on January 9/March 6,51,,,,,,,Grady~ McClain~ Stephens,,,2300 N. Lincoln Blvd.,Oklahoma City,OK,73105,,,,,,,,Ashley Stuart,,,,,,,,,,,,
Oklahoma House,VaughanSteve.jpg,Vaughan,Steve,37,R,,,steve.vaughan@okhouse.gov ,,2022,Kay~ Osage,Transportation (Chair)~ Agriculture & Rural Development~ Wildlife,Select Agencies,2300 N. Lincoln Blvd.,Oklahoma City,OK,73105,435A,405-557-7355,,Ponca City,,,,Glenda Mollman,,,,,,,,,,,,
Oklahoma House,VirginEmily.jpg,Virgin,Emily,44,D,Democratic Caucus Chair,12,emily.virgin@okhouse.gov ,,2022,Cleveland,Appropriations & Budget~ Higher Education & Career Tech~ Judiciary~ Public Safety,,2300 N. Lincoln Blvd.,Oklahoma City,OK,73105,543,405-557-7323,,Norman,,,,Debra Pearson-Matthews,,,,,,,,,,,,
Oklahoma House,WalkeCollin.jpg,Walke,Collin,87,D,,,collin.walke@okhouse.gov,,2028,Oklahoma,Insurance~ Judiciary,Finance~ Judiciary,2300 N. Lincoln Blvd.,Oklahoma City,OK,73105,510,405-557-7335,,Oklahoma City,,,,Beth Lott,,,,,,,,,,,,
Oklahoma House,WallaceKevin.jpg,Wallace,Kevin,32,R,,,kevin.wallace@okhouse.gov,,2026,Lincoln~ Logan,Appropriations & Budget (Chair),,2300 N. Lincoln Blvd.,Oklahoma City,OK,73105,240,405-557-7368,,Wellston,,,,Terri Ihnat,,,,,,,,,,,,
Oklahoma House,WatsonWeldon.jpg,Watson,Weldon,79,R,,,weldon.watson@okhouse.gov ,,2018,Tulsa,Appropriations & Budget~ Energy & Natural Resources (Chair)~ Rules~ Utilities,Finance,2300 N. Lincoln Blvd.,Oklahoma City,OK,73105,405,405-557-7330,,Tulsa,,,,Frankie Lou Reeves,,,,,,,,,,,,
Oklahoma House,WestRick.jpg,West,Rick,3,R,,,rick.west@okhouse.gov,,2028,LeFlore,Agriculture & Rural Development (Vice Chair)~ County & Municipal Government~ Veterans & Military Affairs,Select Agencies,2300 N. Lincoln Blvd.,Oklahoma City,OK,73105,333,405-557-7413,,Heavener,,,,Mary Searock,,,,,,,,,,,,
Oklahoma House,WestJosh.jpg,West,Josh,5,R,,,josh.west@okhouse.gov,,2028,Delaware~ Mayes,"Veterans & Military Affairs (Vice Chair)~ Agriculture & Rural Development~ Children, Youth & Family Services",Public Safety,2300 N. Lincoln Blvd.,Oklahoma City,OK,73105,242A,405-557-7415,,Grove,,,,Lelia Rousselot,,,,,,,,,,,,
Oklahoma House,WestKevin.jpg,West,Kevin,54,R,,,kevin.west@okhouse.gov,,2028,Cleveland~ Oklahoma,Rules (Vice Chair)~ Banking & Business~ Judiciary,Natural Resources & Regulatory Services,2300 N. Lincoln Blvd.,Oklahoma City,OK,73105,248B,405-557-7343,,Moore,,,,Jordan Holt,,,,,,,,,,,,
Oklahoma House,WestTammy.jpg,West,Tammy,84,R,,,tammy.west@okhouse.gov,,2028,Oklahoma,Higher Education & Career Tech (Vice Chair)~ Health Services & Long-Term Care~ Public Safety,Education,2300 N. Lincoln Blvd.,Oklahoma City,OK,73105,202B,405-557-7348,,Bethany,,,,Julie Jackson,,,,,,,,,,,,
Oklahoma House,WilliamsCory.jpg,Williams,Cory,34,D,,,cory.williams@okhouse.gov ,,2020,Payne,Higher Education & Career Tech~ Public Safety~ Judiciary,,2300 N. Lincoln Blvd.,Oklahoma City,OK,73105,544,405-557-7411,,Stillwater,,,,Carly Abbott,,,,,,,,,,,,
Oklahoma House,WorthenRande.jpg,Worthen,Rande,64,R,,,rande.worthen@okhouse.gov,,2028,Comanche,Administrative Rules~ Agriculture & Rural Development~ Judiciary,Public Safety (Vice Chair)~ Judiciary,2300 N. Lincoln Blvd.,Oklahoma City,OK,73105,300C,405-557-7398,,Lawton,,,,Malana Bracht,,,,,,,,,,,,
Oklahoma House,WrightHarold.jpg,Wright,Harold,57,R,Speaker Pro Tempore,2,harold.wright@okhouse.gov ,,2020,Beckham~ Blaine~ Caddo~ Canadian~ Custer,,,2300 N. Lincoln Blvd.,Oklahoma City,OK,73105,411,405-557-7325,,Weatherford,,,,Dee Lemon,,,,,,,,,,,,
Oklahoma House,YoungGeorge.jpg,Young,George,99,D,,,george.young@okhouse.gov,,2026,Oklahoma,"Children, Youth & Family Services~ Common Education~ Health Services & Long-Term Care~ Public Health",,2300 N. Lincoln Blvd.,Oklahoma City,OK,73105,507,405-557-7393,,Oklahoma City,,,,Tanisha Woods,,,,,,,,,,,,
Oklahoma Judiciary,ColbertTom.jpg,Colbert,Tom,6,,Justice,,,http://www.oscn.net,,,,,,,,,,,,,,,,,,,,,,,,,,,,
Oklahoma Judiciary,CombsDouglas.jpg,Combs,Douglas L.,8,,Vice Chief Justice,2,,http://www.oscn.net,,,,,,,,,,,,,,,,,,,,,,,,,,,,
Oklahoma Judiciary,EdmondsonJames.jpg,Edmondson,James E.,7,,Justice,,,http://www.oscn.net,,,,,,,,,,,,,,,,,,,,,,,,,,,,
Oklahoma Judiciary,GurichNoma.jpg,Gurich,Noma,3,,Justice,,,http://www.oscn.net,,,,,,,,,,,,,,,,,,,,,,,,,,,,
Oklahoma Judiciary,KaugerYvonne.jpg,Kauger,Yvonne,4,,Justice,,,http://www.oscn.net,,,,,,,,,,,,,,,,,,,,,,,,,,,,
Oklahoma Judiciary,ReifJohn.jpg,Reif,John F.,1,,Chief Justice,1,,http://www.oscn.net,,,,,,,,,,,,,,,,,,,,,,,,,,,,
Oklahoma Judiciary,WattJoseph.jpg,Watt,Joseph M.,9,,Justice,,,http://www.oscn.net,,,,,,,,,,,,,,,,,,,,,,,,,,,,
Oklahoma Judiciary,WinchesterJames.jpg,Winchester,James R.,5,,Justice,,,http://www.oscn.net,,,,,,,,,,,,,,,,,,,,,,,,,,,,
Oklahoma Judiciary,WyrickPatrick.jpg,Wyrick,Patrick,2,,Justice,,,http://www.oscn.net,,,,,,,,,,,,,,,,,,,,,,,,,,,,
Oklahoma Senate,AllenMark.jpg,Allen,Mark,4,R,Majority Whip,6,allen@oksenate.gov,,2022,LeFlore~ Sequoyah,Appropriations~ Education~ Energy (Chair)~ Rules~ Transportation,Select Agencies,2300 N. Lincoln Blvd.,Oklahoma City,OK,73105,234,405-521-5576,,Spiro,,,,Grace McMillan,,,,,,,,,,,,
Oklahoma Senate,BassRandy.jpg,Bass,Randy,32,D,,,bass@oksenate.gov,,2018,Comanche,Appropriations~ Agriculture & Wildlife~ Transportation~ Veterans & Military Affairs,Natural Resources & Regulatory Services,2300 N. Lincoln Blvd.,Oklahoma City,OK,73105,521B,405-521-5567,,Lawton,,,,Donna Ambler,,,,,,,,,,,,
Oklahoma Senate,BergstromMicheal.jpg,Bergstrom,Micheal,1,R,,,bergstrom@oksenate.gov,,2028,Craig~ Delaware~ Mayes~ Ottawa,"Appropriations~ Business, Commerce & Tourism~ Education",Finance~ Human Services,2300 N. Lincoln Blvd.,Oklahoma City,OK,73105,428B,405-521-5561,,Fairland,,,,Holly Randall,,,,,,,,,,,,
Oklahoma Senate,BiceStephanie.jpg,Bice,Stephanie,22,R,Asst. Majority Floor Leader,5,bice@oksenate.gov,,2026,Canadian~ Oklahoma,"Appropriations~ Business, Commerce & Tourism (Vice Chair)~ General Government~ Rules",Finance~ General Government & Transportation (Chair),2300 N. Lincoln Blvd.,Oklahoma City,OK,73105,424A,405-521-5592,,Edmond,,,,Anissa Scott,,,,,,,,,,,,
Oklahoma Senate,BoggsLarry.jpg,Boggs,Larry,7,R,,,boggs@oksenate.gov,,2024,Haskell~ Hughes~ Latimer~ Okfuskee~ Pittsburg,Appropriations~ Agriculture & Wildlife (Chair)~ General Government~ Veterans & Military Affairs (Vice Chair),Public Safety & Judiciary,2300 N. Lincoln Blvd.,Oklahoma City,OK,73105,425,405-521-5604,,Wilburton,,,,Anita Bell,,,,,,,,,,,,
Oklahoma Senate,BrecheenJosh.jpg,Brecheen,Josh,6,R,,,brecheen@oksenate.gov,,2022,Atoka~ Bryan~ Coal~ Johnston~ Marshall,Appropriations~ Agriculture & Wildlife (Vice Chair)~ Education~ Public Safety,Education~ Finance (Vice Chair),2300 N. Lincoln Blvd.,Oklahoma City,OK,73105,417C,405-521-5586,,Coalgate,,,,Anita Clayton,,,,,,,,,,,,
Oklahoma Senate,BrooksMichael.jpg,Brooks,Michael,44,D,,,brooks@oksenate.gov,,2028,Canadian~ Oklahoma,"Appropriations~ Judiciary~ Public Safety~ Business, Commerce & Tourism~ Rules",Public Safety & Judiciary,2300 N. Lincoln Blvd.,Oklahoma City,OK,73105,522B,405-521-5557,,Oklahoma City,,,,Annie Menz,,,,,,,,,,,,
Oklahoma Senate,BrownBill.jpg,Brown,Bill,36,R,,,brownb@oksenate.gov,,2018,Tulsa~ Wagoner,"Appropriations~ Pensions, Retirement & Insurance (Chair)~ Transportation~ Veterans & Military Affairs",General Government & Transportation~,2300 N. Lincoln Blvd.,Oklahoma City,OK,73105,232,405-521-5602,,Broken Arrow,,,,Doris Sesock,,,,,,,,,,,,
Oklahoma Senate,DahmNathan.jpg,Dahm,Nathan,33,R,Majority Whip,7,dahm@oksenate.gov,,2024,Tulsa,"Appropriations~ Business, Commerce & Tourism~ General Government (Chair)~ Judiciary (Vice Chair)~ Rules",Select Agencies (Vice Chair),2300 N. Lincoln Blvd.,Oklahoma City,OK,73105,237,405-521-5551,,Broken Arrow,,,,Sharon Brown,,,,,,,,,,,,
Oklahoma Senate,DanielsJulie.jpg,Daniels,Julie,29,R,,,daniels@oksenate.gov,,2028,Nowata~ Rogers~ Washington,"Appropriations~ Business, Commerce & Tourism~ General Government~ Judiciary",Human Services,2300 N. Lincoln Blvd.,Oklahoma City,OK,73105,531,405-521-5634,,Bartlesville,,,,Kathy Townsend,,,,,,,,,,,,
Oklahoma Senate,DavidKim.jpg,David,Kim,18,R,,,david@oksenate.gov,,2022,Cherokee~ Mayes~ Muskogee~ Tulsa~ Wagoner,Appropriations (Chair)~ Energy~ Health & Human Services~ Judiciary~ Rules,,2300 N. Lincoln Blvd.,Oklahoma City,OK,73105,537,405-521-5590,,Wagoner,,,,Gayla Guinn,,,,,,,,,,,,
Oklahoma Senate,DossettJJ.jpg,Dossett,J.J.,34,D,,,dossett@oksenate.gov,,2027,Rogers~ Tulsa,Appropriations~ Agriculture & Wildlife~ Education~ Veterans & Military Affairs,Education~ Finance,2300 N. Lincoln Blvd.,Oklahoma City,OK,73105,522B,405-521-5566,,Owasso,,,,Pam King,,,,,,,,,,,,
Oklahoma Senate,DuggerTom.jpg,Dugger,Tom,21,R,,,dugger@oksenate.gov,,2028,Payne,Appropriations~ Education~ Public Safety,Finance~ Education,2300 N. Lincoln Blvd.,Oklahoma City,OK,73105,524,405-521-5572,,Stillwater,,,,Deborah Curry,,,,,,,,,,,,
Oklahoma Senate,FieldsEddie.jpg,Fields,Eddie,10,R,Asst. Majority Floor Leader,3,efields@oksenate.gov,,2020,Kay~ Osage,Appropriations (Vice Chair)~ Agriculture & Wildlife~ Education~ Energy (Vice Chair)~ Rules (Chair),Natural Resources & Regulatory Services (Chair),2300 N. Lincoln Blvd.,Oklahoma City,OK,73105,530,405-521-5581,,Wynona,,,,Cindy Stevens,,,,,,,,,,,,
Oklahoma Senate,FloydKay.jpg,Floyd,Kay,46,D,,,floyd@oksenate.gov,,2024,Oklahoma,Appropriations~ Energy~ General Government~ Health & Human Services~ Judiciary~ Rules,,2300 N. Lincoln Blvd.,Oklahoma City,OK,73105,520A,405-521-5610,,Oklahoma City,,,,Leah Hicks,,,,,,,,,,,,
Oklahoma Senate,FryJack.jpg,Fry,Jack,42,R,,,fry@oksenate.gov,,2026,Oklahoma,Appropriations~ General Government~ Public Safety (Chair)~ Transportation,Public Safety & Judiciary,2300 N. Lincoln Blvd.,Oklahoma City,OK,73105,413A,405-521-5584,,Midwest City,,,,Denise Manek,,,,,,,,,,,,
Oklahoma Senate,GriffinAJ.jpg,Griffin,AJ,20,R,,,griffin@oksenate.gov,,2024,Kingfisher~ Logan~ Noble~ Pawnee,Appropriations~ Energy~ Health & Human Services~ Rules,Finance~ Human Services (Chair),2300 N. Lincoln Blvd.,Oklahoma City,OK,73105,534,405-521-5628,,Guthrie,,,,Kala Plagg,,,,,,,,,,,,
Oklahoma Senate,HoltDavid.jpg,Holt,David,30,R,,,holt@oksenate.gov,,2022,Oklahoma,Appropriations~ Energy~ General Government (Vice Chair)~ Judiciary,Public Safety & Judiciary (Chair),2300 N. Lincoln Blvd.,Oklahoma City,OK,73105,424,405-521-5636,,Oklahoma City,,,,Dorynda Dusek,,,,https://twitter.com/davidfholt,https://www.facebook.com/davidfullerholt,,,,,,,
Oklahoma Senate,JechDarcy.jpg,Jech,Darcy,26,R,,,jech@oksenate.gov,,2026,Beckham~ Blaine~ Caddo~ Custer~ Kingfisher~ Roger Mills,Appropriations~ Agriculture & Wildlife~ Health & Human Services~ Public Safety~ Transportation (Chair),Natural Resources & Regulatory Services  (Vice Chair),2300 N. Lincoln Blvd.,Oklahoma City,OK,73105,415,405-521-5545,,Kingfisher,,,,Christi Deal,,,,,,,,,,,,
Oklahoma Senate,KiddChris.jpg,Kidd,Chris,31,R,,,kidd@oksenate.gov,,2028,Comanche~ Cotton~ Jefferson~ Stephens~ Tillman,"Appropriations~ Agriculture & Wildlife~ Business, Commerce & Tourism~ General Government",Natural Resources & Regulatory Services,2300 N. Lincoln Blvd.,Oklahoma City,OK,73105,411A,405-521-5563,,Lawton,,,,Suzanne Earnest,,,,,,,,,,,,
Oklahoma Senate,LeewrightJames.jpg,Leewright,James,12,R,,,leewright@oksenate.gov,,2026,Creek~ Tulsa,"Appropriations~ Business, Commerce & Tourism (Chair)~ Pensions, Retirement & Insurance~ Transportation",Natural Resources & Regulatory Services,2300 N. Lincoln Blvd.,Oklahoma City,OK,73105,427A,405-521-5528,,Sapulpa,,,,Cheryl Boothe,,,,,,,,,,,,
Oklahoma Senate,McCortneyGreg.jpg,McCortney,Greg,13,R,,,mccortney@oksenate.gov,,2028,Garvin~ Hughes~ Pontotoc~ Pottawatomie~ Seminole,Appropriations~ Health & Human Services~ Public Safety~ Transportation,Health,2300 N. Lincoln Blvd.,Oklahoma City,OK,73105,528B,405-521-5541,,Ada,,,,Madeline Baldwin,,,,,,,,,,,,
Oklahoma Senate,,VACANT,Special Election on February 13,27,,,,,,,Beaver~ Cimarron~ Dewey~ Ellis~ Harper~ Major~ Texas~ Woods~ Woodward,,,2300 N. Lincoln Blvd.,Oklahoma City,OK,73105,,,,,,,,,,,,,,,,,,,,
Oklahoma Senate,MatthewsKevin.jpg,Matthews,Kevin,11,D,,,matthews@oksenate.gov,,2024,Osage~ Tulsa,"Appropriations~ Energy~ Public Safety~ Pensions, Retirement & Insurance~ Transportation",General Government & Transportation,2300 N. Lincoln Blvd.,Oklahoma City,OK,73105,522A,405-521-5598,,Tulsa,,,,Gracie Monson,,,,,,,,,,,,
Oklahoma Senate,,Ikley-Freeman,Allison,37,D,,,,,,Tulsa,Education~ Health & Human Services,Health,2300 N. Lincoln Blvd.,Oklahoma City,OK,73105,,,,Tulsa,,,,,,,,,,,,,,,,
Oklahoma Senate,NewhouseJoe.jpg,Newhouse,Joe,25,R,,,newhouse@oksenate.gov,,2028,Tulsa,Appropriations~ General Government~ Judiciary~ Veterans & Military Affairs,Select Agencies,2300 N. Lincoln Blvd.,Oklahoma City,OK,73105,527B,405-521-5675,,Tulsa,,,,Brian Barton,,,,,,,,,,,,
Oklahoma Senate,PaxtonLonnie.jpg,Paxton,Lonnie,23,R,,,paxton@oksenate.gov,,2028,Canadian~ Grady~ Kingfisher,"Appropriations~ Public Safety~ Pensions, Retirement & Insurance",Finance~ Health,2300 N. Lincoln Blvd.,Oklahoma City,OK,73105,428B,405-521-5537,,Tuttle,,,,Roxanne Blystone,,,,,,,,,,,,
Oklahoma Senate,PedersonRoland.jpg,Pederson,Roland,19,R,,,pederson@oksenate.gov,,2028,Alfalfa~ Garfield~ Grant~ Kay,"Appropriations~ Agriculture & Wildlife~ Energy~ Pensions, Retirement & Insurance",Public Safety & Judiciary,2300 N. Lincoln Blvd.,Oklahoma City,OK,73105,425,405-521-5630,,Burlington,,,,Angie Robinson,,,,,,,,,,,,
Oklahoma Senate,PembertonDewayne.jpg,Pemberton,Dewayne,9,R,,,pemberton@oksenate.gov,,2028,Cherokee~ Muskogee,Appropriations~ Agriculture & Wildlife~ Education~ Energy,Education,2300 N. Lincoln Blvd.,Oklahoma City,OK,73105,427,405-521-5533,,Muskogee,,,,Peggy White,,,,,,,,,,,,
Oklahoma Senate,PittmanAnastasia.jpg,Pittman,Anastasia,48,D,,,pittman@oksenate.gov,,2018,Oklahoma,"Appropriations~ Business, Commerce & Tourism~ General Government",Human Services~ Select Agencies,2300 N. Lincoln Blvd.,Oklahoma City,OK,73105,521A,405-521-5531,,Oklahoma City,,,,Ms. Trena Byas,,,,,,,,,,,,
Oklahoma Senate,PughAdam.jpg,Pugh,Adam,41,R,,,pugh@oksenate.gov,,2028,Oklahoma,Appropriations~ Health & Human Services~ Judiciary~ Veterans & Military Affairs,General Government & Transportation,2300 N. Lincoln Blvd.,Oklahoma City,OK,73105,528A,405-521-5622,,Edmond,,,,AJ Mallory,,,,,,,,,,,,
Oklahoma Senate,QuinnMarty.jpg,Quinn,Marty,2,R,Asst. Majority Floor Leader,4,quinn@oksenate.gov,,2026,Rogers,"Appropriations~ Energy~ Pensions, Retirement & Insurance (Vice Chair)~ Transportation",Natural Resources & Regulatory Services,2300 N. Lincoln Blvd.,Oklahoma City,OK,73105,417B,405-521-5555,,Claremore,,,,Donna Garlick,,,,,,,,,,,,
Oklahoma Senate,RaderDave.jpg,Rader,Dave,39,R,,,rader@oksenate.gov,,2028,Tulsa,Appropriations~ Energy~ Health & Human Services~ Transportation,Natural Resources & Regulatory Services,2300 N. Lincoln Blvd.,Oklahoma City,OK,73105,426,405-521-5620,,Tulsa,,,,Celia Scott,,,,,,,,,,,,
Oklahoma Senate,RosinoPaul.jpg,Rosino,Paul,45,R,,,rosino@oksenate.gov,,2028,Canadian~ Cleveland~ Oklahoma,"Appropriations~ Pensions, Retirement & Insurance~ Transportation~ Veterans & Military Affairs",Select Agencies,2300 N. Lincoln Blvd.,Oklahoma City,OK,73105,529B,405-521-5618,,Oklahoma City,,,,Debbie Blair,,,,,,,,,,,,
Oklahoma Senate,SchulzMike.jpg,Schulz,Mike,38,R,President Pro Tempore,1,schulz@oksenate.gov,,2018,Custer~ Greer~ Harmon~ Jackson~ Kiowa~ Washita,,,2300 N. Lincoln Blvd.,Oklahoma City,OK,73105,422,405-521-5612,,Altus,,,,Pam Nordstrom,,,,,,,,,,,,
Oklahoma Senate,ScottPaul.jpg,Scott,Paul,43,R,,,paul.scott@oksenate.gov,,2028,Garvin~ Grady~ McClain~ Stephens,"Appropriations~ Agriculture & Wildlife~ Business, Commerce & Tourism~ Education",Health,2300 N. Lincoln Blvd.,Oklahoma City,OK,73105,529A,405-521-5522,,Duncan,,,,Audra Brice,,,,,,,,,,,,
Oklahoma Senate,SharpRon.jpg,Sharp,Ron,17,R,,,sharp@oksenate.gov,,2024,Oklahoma~ Pottawatomie,Appropriations~ Education (Vice Chair)~ Energy~ Transportation,Education,2300 N. Lincoln Blvd.,Oklahoma City,OK,73105,429,405-521-5539,,Shawnee,,,,Cindy Sullivan,,,,,,,,,,,,
Oklahoma Senate,ShawWayne.jpg,Shaw,Wayne,3,R,,,shaw@oksenate.gov,,2024,Adair~ Cherokee~ Delaware~ Mayes~ Rogers,Appropriations~ Agriculture & Wildlife~ General Government~ Public Safety (Vice Chair),Human Services,2300 N. Lincoln Blvd.,Oklahoma City,OK,73105,235,405-521-5574,,Grove,,,,Bianca Montoya,,,,,,,,,,,,
Oklahoma Senate,SilkJoseph.jpg,Silk,Joseph,5,R,,,silk@oksenate.gov,,2026,Atoka~ Choctaw~ LeFlore~ McCurtain~ Pushmataha,"Appropriations~ Business, Commerce & Tourism~ Health & Human Services~ Transportation (Vice Chair)",General Government & Transportation (Vice Chair),2300 N. Lincoln Blvd.,Oklahoma City,OK,73105,536,405-521-5614,,Broken Bow,,,,Sherry Mitchell,,,,,,,,,,,,
Oklahoma Senate,SimpsonFrank.jpg,Simpson,Frank,14,R,Majority Whip,8,simpson@oksenate.gov,,2022,Carter~ Johnston~ Love~ Murray,Appropriations~ Agriculture & Wildlife~ Health & Human Services~ Rules (Vice Chair)~ Veterans & Military Affairs (Chair),Human Services (Vice Chair),2300 N. Lincoln Blvd.,Oklahoma City,OK,73105,414,405-521-5607,,Ardmore,,,,Glenda Colbert,,,,,,,,,,,,
Oklahoma Senate,SmalleyJason.jpg,Smalley,Jason,28,R,,,smalley@oksenate.gov,,2024,Lincoln~ Pottawatomie~ Seminole,Appropriations~ Education~ Energy~ Judiciary,Education (Chair),2300 N. Lincoln Blvd.,Oklahoma City,OK,73105,416,405-521-5547,,Stroud,,,,Cali Tonnu,,,,,,,,,,,,
Oklahoma Senate,SparksJohn.jpg,Sparks,John,16,D,Minority Leader,12,sparks@oksenate.gov,,2018,Cleveland,"Appropriations~ Pensions, Retirement & Insurance",Finance,2300 N. Lincoln Blvd.,Oklahoma City,OK,73105,519,405-521-5553,,Norman,,,,Amy Hicks,,,,,,,,,,,,
Oklahoma Senate,StandridgeRob.jpg,Standridge,Rob,15,R,Majority Whip,9,standridge@oksenate.gov,,2024,Cleveland~ Oklahoma,Appropriations~ Energy~ Health & Human Services (Vice Chair)~ Judiciary~ Rules,Health (Chair),2300 N. Lincoln Blvd.,Oklahoma City,OK,73105,417A,405-521-5535,,Norman,,,,Susan Wallace,,,,,,,,,,,,
Oklahoma Senate,StanislawskiGary.jpg,Stanislawski,Gary,35,R,Caucus Chair,10,stanislawski@oksenate.gov,,2020,Tulsa,"Appropriations~ Business, Commerce & Tourism~ Education (Chair)~ Rules",Education (Vice Chair)~ Finance,2300 N. Lincoln Blvd.,Oklahoma City,OK,73105,428,405-521-5624,,Tulsa,,,,Shannon Sharpton,,,,,,,,,,,,
Oklahoma Senate,SykesAnthony.jpg,Sykes,Anthony,24,R,,,lewis@oksenate.gov,,2018,Cleveland,Appropriations~ Education~ Judiciary (Chair)~ Veterans & Military Affairs,Public Safety & Judiciary (Vice Chair),2300 N. Lincoln Blvd.,Oklahoma City,OK,73105,423,405-521-5569,,Moore,,,,Tonya Lewis,,,,,,,,,,,,
Oklahoma Senate,ThompsonRoger.jpg,Thompson,Roger,8,R,Caucus Vice Chair,11,thompson@oksenate.gov,,2026,McIntosh~ Muskogee~ Okfuskee~ Okmulgee,Appropriations~ Education~ Public Safety~ Rules,Finance (Chair)~ Select Agencies (Chair),2300 N. Lincoln Blvd.,Oklahoma City,OK,73105,523,405-521-5588,,Okemah,,,,Susan Cochran,,,,,,,,,,,,
Oklahoma Senate,TreatGreg.jpg,Treat,Greg,47,R,Majority Floor Leader,2,treat@oksenate.gov,,2024,Oklahoma,,,2300 N. Lincoln Blvd.,Oklahoma City,OK,73105,418,405-521-5632,,Oklahoma City,,,,Janet Muller,,,,,,,,,,,,
Oklahoma Senate,YenErvin.jpg,Yen,Ervin,40,R,,,yen@oksenate.gov,,2026,Oklahoma,Appropriations~ Health & Human Services (Chair)~ Public Safety,Finance~ Health (Vice Chair),2300 N. Lincoln Blvd.,Oklahoma City,OK,73105,413,405-521-5543,,Oklahoma City,,,,Laurie Nicoll,,,,,,,,,,,,
Statewide,AnthonyBob.jpg,Anthony,Bob,9,R,Corporation Commissioner,9,,http://www.occeweb.com,,,,,2101 N. Lincoln Blvd.,Oklahoma City,OK,73105,,405-521-2211,,,,,,,,,,,,,,,,,,
Statewide,DoakJohn.jpg,Doak,John,8,R,Insurance Commissioner,8,,http://ok.gov/oid/,,,,,"3625 NW 56th, Ste. 100",Oklahoma City,OK,73112,,405-521-2828,,,,,,,,,,,,,,,,,,
Statewide,FallinMary.jpg,Fallin,Mary,1,R,Governor,1,,http://www.ok.gov/governor/,2018,,,,2300 N. Lincoln Blvd.,Oklahoma City,OK,73105,,,,,,,,,,,,,,,,,,,,
Statewide,HiettTodd.jpg,Hiett,Todd,10,R,Corporation Commissioner,11,,http://www.occeweb.com,,,,,2101 N. Lincoln Blvd.,Oklahoma City,OK,73105,,405-521-2211,,,,,,,,,,,,,,,,,,
Statewide,HofmeisterJoy.jpg,Hofmeister,Joy,6,R,Supt. Of Public Instruction,6,,http://www.ok.gov/sde/,,,,,2500 N. Lincoln Blvd.,Oklahoma City,OK,73105,,405-521-3301,,,,,,,,,,,,,,,,,,
Statewide,HunterMike.jpg,Hunter,Mike,4,R,Attorney General,4,,http://oag.state.ok.us,,,,,313 NE 21st St.,Oklahoma City,OK,73105,,405-521-3921,,,,,,,,,,,,,,,,,,
Statewide,JonesGary.jpg,Jones,Gary,3,R,Auditor & Inspector,3,,http://www.sai.ok.gov,,,,,2300 N. Lincoln Blvd.,Oklahoma City,OK,73105,,405-521-3495,,,,,,,,,,,,,,,,,,
Statewide,LambTodd.jpg,Lamb,Todd,2,R,Lt. Governor,2,,http://www.ok.gov/ltgovernor/,,,,,2300 N. Lincoln Blvd.,Oklahoma City,OK,73105,,,,,,,,,,,,,,,,,,,,
Statewide,McLawhornHoustonMelissa.jpg,McLawhorn Houston,Melissa,7,,Commissioner of Labor,7,,http://ok.gov/odol/,,,,,"3017 N. Stiles, Ste. 100",Oklahoma City,OK,73105,,405-521-6100,,,,,,,,,,,,,,,,,,
Statewide,MillerKen.jpg,Miller,Ken,5,R,State Treasurer,5,,http://www.ok.gov/treasurer/,,,,,2300 N. Lincoln Blvd.,Oklahoma City,OK,73105,217,405-521-3191,,,,,,,,,,,,,,,,,,
Statewide,MurphyDana.jpg,Murphy,Dana,11,R,Corporation Commissioner,10,,http://www.occeweb.com,,,,,2101 N. Lincoln Blvd.,Oklahoma City,OK,73105,,405-521-2211,,,,,,,,,,,,,,,,,,
US House,BridenstineJim.jpg,Bridenstine,Jim,1,R,,1,,http://bridenstine.house.gov,,Creek~ Rogers~ Tulsa~ Washington~ Wagoner,,,216 Cannon House Office Building,Washington,DC,20515,216,202-225-2211,"2448 E. 81st St., Ste. 5150",Tulsa,OK,74137,918-935-3222,,,,,,,,,,,,,
US House,Tom_Cole.jpg,Cole,Tom,4,R,,4,,http://cole.house.gov,,Canadian~ Carter~ Cleveland~ Comanche~ Cotton~ Garvin~ Grady~ Jefferson~ Love~ Marshall~ McClain~ Murray~ Oklahoma~ Pontotoc~ Stephens~ Tillman,,,2467 Rayburn House Office Building,Washington,DC,20515,2467,202-225-6165,"2424 Springer Dr., Ste. 201",Norman,OK,73069,405-329-6500,,,,,,,,,,,,,
US House,Frank_Lucas.jpg,Lucas,Frank,3,R,,3,,http://lucas.house.gov,,Alfalfa~ Beaver~ Beckham~ Blaine~ Caddo~ Canadian~ Cimarron~ Creek~ Custer~ Dewey~ Ellis~ Garfield~ Grant~ Greer~ Harmon~ Harper~ Jackson~ Kay~ Kingfisher~ Kiowa~ Lincoln~ Logan~ Major~ Noble~ Osage~ Pawnee~ Payne~ Roger Mills~ Texas~ Washita~ Woods~ Woodward,,,2405 Rayburn House Office Building,Washington,DC,20515,2405,202-225-5565,"10952 NW Expressway, Ste. B",Yukon,OK,73099,405-373-1958,,,,,,,,,,,,,
US House,MullinMarkwayne.jpg,Mullin,Markwayne,2,R,,2,,http://mullin.house.gov,,Adair~ Atoka~ Bryan~ Cherokee~ Choctaw~ Coal~ Craig~ Delaware~ Haskell~ Hughes~ Johnston~ Latimer~ LeFlore~ Mayes~ McCurtain~ McIntosh~ Muskogee~ Nowata~ Okfuskee~ Okmulgee~ Ottawa~ Pittsburg~ Pushmataha~ Rogers~ Sequoyah,,,1113 Longworth House Office Building,Washington,DC,20515,1113,202-225-2701,3109 Azalea Park Dr.,Muskogee,OK,74401,918-687-2533,,,,,,,,,,,,,
US House,RussellSteve.jpg,Russell,Steve,5,R,,5,,https://russell.house.gov,,Oklahoma~ Pottawatomie~ Seminole,,,128 Cannon House Office Building,Washington,DC,20515,128,202-225-2132,"4600 SE 29th St., Ste. 400",Del City,OK,73115,405-602-3074,,,,,,,,,,,,,
US Senate,Jim_Inhofe.jpg,Inhofe,James (Jim),1,R,,1,,http://www.inhofe.senate.gov,,,,,205 Russell Senate Office Building,Washington,DC,20510,205,202-224-4721,"1900 NW Expressway, Ste. 1210",Oklahoma City,OK,73118,405-608-4381,,,,,,,,,,,,,
US Senate,James_Lankford.jpg,Lankford,James,2,R,,2,,http://www.lankford.senate.gov,,,,,316 Hart Senate Office Building,Washington,DC,20510,B40C,202-224-5754,"1015 N. Broadway, Ste. 310",Oklahoma City,OK,73102,405-231-4941,,,,,,,,,,,,,